line	legacy_line_name	sample_alias	library_name	collection_date	source_fastq_R1	source_fastq_R2	target_fastq_R1	target_fastq_R2
ISC_009.1	1063x1435_rep1	ISC_009.1_F8highcov	11C6	2024-11-04	01_unzip_raw_data/03_unzip_highcov_F8/22YHLCLT3_4_R18523_20250303/demultiplexed/343561/343561_CTCCACTAATTGTACTTGTT_S43_R1_001.fastq.gz	01_unzip_raw_data/03_unzip_highcov_F8/22YHLCLT3_4_R18523_20250303/demultiplexed/343561/343561_CTCCACTAATTGTACTTGTT_S43_R2_001.fastq.gz	03_rename_fastq_files/F8_highcov/_ISC_009.1_F8highcov_11C6_run1_R1.fastq.gz	03_rename_fastq_files/F8_highcov/_ISC_009.1_F8highcov_11C6_run1_R2.fastq.gz
ISC_010.2	1063x1435_rep2	ISC_010.2_F8highcov	11D6	2024-11-04	01_unzip_raw_data/03_unzip_highcov_F8/22YHLCLT3_4_R18523_20250303/demultiplexed/343561/343561_ATAGTTAGCACTCTAAGTAG_S44_R1_001.fastq.gz	01_unzip_raw_data/03_unzip_highcov_F8/22YHLCLT3_4_R18523_20250303/demultiplexed/343561/343561_ATAGTTAGCACTCTAAGTAG_S44_R2_001.fastq.gz	03_rename_fastq_files/F8_highcov/_ISC_010.2_F8highcov_11D6_run1_R1.fastq.gz	03_rename_fastq_files/F8_highcov/_ISC_010.2_F8highcov_11D6_run1_R2.fastq.gz
ISC_021.1	1317x6276_rep1	ISC_021.1_F8highcov	11E6	2024-11-04	01_unzip_raw_data/03_unzip_highcov_F8/22YHLCLT3_4_R18523_20250303/demultiplexed/343561/343561_ATAGGTCTTAGTCACCACAG_S45_R1_001.fastq.gz	01_unzip_raw_data/03_unzip_highcov_F8/22YHLCLT3_4_R18523_20250303/demultiplexed/343561/343561_ATAGGTCTTAGTCACCACAG_S45_R2_001.fastq.gz	03_rename_fastq_files/F8_highcov/_ISC_021.1_F8highcov_11E6_run1_R1.fastq.gz	03_rename_fastq_files/F8_highcov/_ISC_021.1_F8highcov_11E6_run1_R2.fastq.gz
ISC_023.1	1318x6035_rep1	ISC_023.1_F8highcov	11F6	2024-11-04	01_unzip_raw_data/03_unzip_highcov_F8/22YHLCLT3_4_R18523_20250303/demultiplexed/343561/343561_TTCTTAACCATCTACATACC_S46_R1_001.fastq.gz	01_unzip_raw_data/03_unzip_highcov_F8/22YHLCLT3_4_R18523_20250303/demultiplexed/343561/343561_TTCTTAACCATCTACATACC_S46_R2_001.fastq.gz	03_rename_fastq_files/F8_highcov/_ISC_023.1_F8highcov_11F6_run1_R1.fastq.gz	03_rename_fastq_files/F8_highcov/_ISC_023.1_F8highcov_11F6_run1_R2.fastq.gz
ISC_025.1	1367x8256_rep1	ISC_025.1_F8highcov	11G6	2024-11-04	01_unzip_raw_data/03_unzip_highcov_F8/22YHLCLT3_4_R18523_20250303/demultiplexed/343561/343561_AAGGAAGAGTCACGTTAGGC_S47_R1_001.fastq.gz	01_unzip_raw_data/03_unzip_highcov_F8/22YHLCLT3_4_R18523_20250303/demultiplexed/343561/343561_AAGGAAGAGTCACGTTAGGC_S47_R2_001.fastq.gz	03_rename_fastq_files/F8_highcov/_ISC_025.1_F8highcov_11G6_run1_R1.fastq.gz	03_rename_fastq_files/F8_highcov/_ISC_025.1_F8highcov_11G6_run1_R2.fastq.gz
ISC_026.2	1367x8256_rep2	ISC_026.2_F8highcov	11H6	2024-11-04	01_unzip_raw_data/03_unzip_highcov_F8/22YHLCLT3_4_R18523_20250303/demultiplexed/343561/343561_GGAAGGAGACTGGTGAGTCT_S48_R1_001.fastq.gz	01_unzip_raw_data/03_unzip_highcov_F8/22YHLCLT3_4_R18523_20250303/demultiplexed/343561/343561_GGAAGGAGACTGGTGAGTCT_S48_R2_001.fastq.gz	03_rename_fastq_files/F8_highcov/_ISC_026.2_F8highcov_11H6_run1_R1.fastq.gz	03_rename_fastq_files/F8_highcov/_ISC_026.2_F8highcov_11H6_run1_R2.fastq.gz
ISC_027.1	1435x6240_rep1	ISC_027.1_F8highcov	11A5	2024-11-04	01_unzip_raw_data/03_unzip_highcov_F8/22YHLCLT3_4_R18523_20250303/demultiplexed/343561/343561_TAGTGGAAGCAGTACCTATA_S33_R1_001.fastq.gz	01_unzip_raw_data/03_unzip_highcov_F8/22YHLCLT3_4_R18523_20250303/demultiplexed/343561/343561_TAGTGGAAGCAGTACCTATA_S33_R2_001.fastq.gz	03_rename_fastq_files/F8_highcov/_ISC_027.1_F8highcov_11A5_run1_R1.fastq.gz	03_rename_fastq_files/F8_highcov/_ISC_027.1_F8highcov_11A5_run1_R2.fastq.gz
ISC_028.2	1435x6240_rep2	ISC_028.2_F8highcov	11B5	2024-11-04	01_unzip_raw_data/03_unzip_highcov_F8/22YHLCLT3_4_R18523_20250303/demultiplexed/343561/343561_CGCCATATCTGACCGGAGAT_S34_R1_001.fastq.gz	01_unzip_raw_data/03_unzip_highcov_F8/22YHLCLT3_4_R18523_20250303/demultiplexed/343561/343561_CGCCATATCTGACCGGAGAT_S34_R2_001.fastq.gz	03_rename_fastq_files/F8_highcov/_ISC_028.2_F8highcov_11B5_run1_R1.fastq.gz	03_rename_fastq_files/F8_highcov/_ISC_028.2_F8highcov_11B5_run1_R2.fastq.gz
ISC_031.1	1585x9427_rep1	ISC_031.1_F8highcov	11C5	2024-11-04	01_unzip_raw_data/03_unzip_highcov_F8/22YHLCLT3_4_R18523_20250303/demultiplexed/343561/343561_GCTTCATATTCGTTCAGCCT_S35_R1_001.fastq.gz	01_unzip_raw_data/03_unzip_highcov_F8/22YHLCLT3_4_R18523_20250303/demultiplexed/343561/343561_GCTTCATATTCGTTCAGCCT_S35_R2_001.fastq.gz	03_rename_fastq_files/F8_highcov/_ISC_031.1_F8highcov_11C5_run1_R1.fastq.gz	03_rename_fastq_files/F8_highcov/_ISC_031.1_F8highcov_11C5_run1_R2.fastq.gz
ISC_035.1	5829x9336_rep1	ISC_035.1_F8highcov	11D5	2024-11-04	01_unzip_raw_data/03_unzip_highcov_F8/22YHLCLT3_4_R18523_20250303/demultiplexed/343561/343561_ACTAGCGCTATTACTTCCTC_S36_R1_001.fastq.gz	01_unzip_raw_data/03_unzip_highcov_F8/22YHLCLT3_4_R18523_20250303/demultiplexed/343561/343561_ACTAGCGCTATTACTTCCTC_S36_R2_001.fastq.gz	03_rename_fastq_files/F8_highcov/_ISC_035.1_F8highcov_11D5_run1_R1.fastq.gz	03_rename_fastq_files/F8_highcov/_ISC_035.1_F8highcov_11D5_run1_R2.fastq.gz
ISC_036.2	5829x9336_rep2	ISC_036.2_F8highcov	11E5	2024-11-04	01_unzip_raw_data/03_unzip_highcov_F8/22YHLCLT3_4_R18523_20250303/demultiplexed/343561/343561_GCTCTTAACTCACGTCCACC_S37_R1_001.fastq.gz	01_unzip_raw_data/03_unzip_highcov_F8/22YHLCLT3_4_R18523_20250303/demultiplexed/343561/343561_GCTCTTAACTCACGTCCACC_S37_R2_001.fastq.gz	03_rename_fastq_files/F8_highcov/_ISC_036.2_F8highcov_11E5_run1_R1.fastq.gz	03_rename_fastq_files/F8_highcov/_ISC_036.2_F8highcov_11E5_run1_R2.fastq.gz
ISC_039.1	5831x8237_rep1	ISC_039.1_F8highcov	11F5	2024-11-04	01_unzip_raw_data/03_unzip_highcov_F8/22YHLCLT3_4_R18523_20250303/demultiplexed/343561/343561_GTGGTATCTGGCTACTATCT_S38_R1_001.fastq.gz	01_unzip_raw_data/03_unzip_highcov_F8/22YHLCLT3_4_R18523_20250303/demultiplexed/343561/343561_GTGGTATCTGGCTACTATCT_S38_R2_001.fastq.gz	03_rename_fastq_files/F8_highcov/_ISC_039.1_F8highcov_11F5_run1_R1.fastq.gz	03_rename_fastq_files/F8_highcov/_ISC_039.1_F8highcov_11F5_run1_R2.fastq.gz
ISC_041.1	5835x9058_rep1	ISC_041.1_F8highcov	11G5	2024-11-04	01_unzip_raw_data/03_unzip_highcov_F8/22YHLCLT3_4_R18523_20250303/demultiplexed/343561/343561_TGACGGCCGTAGTCAACCAT_S39_R1_001.fastq.gz	01_unzip_raw_data/03_unzip_highcov_F8/22YHLCLT3_4_R18523_20250303/demultiplexed/343561/343561_TGACGGCCGTAGTCAACCAT_S39_R2_001.fastq.gz	03_rename_fastq_files/F8_highcov/_ISC_041.1_F8highcov_11G5_run1_R1.fastq.gz	03_rename_fastq_files/F8_highcov/_ISC_041.1_F8highcov_11G5_run1_R2.fastq.gz
ISC_042.2	5835x9058_rep2	ISC_042.2_F8highcov	11H5	2024-11-04	01_unzip_raw_data/03_unzip_highcov_F8/22YHLCLT3_4_R18523_20250303/demultiplexed/343561/343561_CAGTAATTACCGAGGCGGTA_S40_R1_001.fastq.gz	01_unzip_raw_data/03_unzip_highcov_F8/22YHLCLT3_4_R18523_20250303/demultiplexed/343561/343561_CAGTAATTACCGAGGCGGTA_S40_R2_001.fastq.gz	03_rename_fastq_files/F8_highcov/_ISC_042.2_F8highcov_11H5_run1_R1.fastq.gz	03_rename_fastq_files/F8_highcov/_ISC_042.2_F8highcov_11H5_run1_R2.fastq.gz
ISC_052.1	6013x8241_rep1	ISC_052.1_F8highcov	11A4	2024-11-04	01_unzip_raw_data/03_unzip_highcov_F8/22YHLCLT3_4_R18523_20250303/demultiplexed/343561/343561_CACTATCAACTCAGTTAATG_S25_R1_001.fastq.gz	01_unzip_raw_data/03_unzip_highcov_F8/22YHLCLT3_4_R18523_20250303/demultiplexed/343561/343561_CACTATCAACTCAGTTAATG_S25_R2_001.fastq.gz	03_rename_fastq_files/F8_highcov/_ISC_052.1_F8highcov_11A4_run1_R1.fastq.gz	03_rename_fastq_files/F8_highcov/_ISC_052.1_F8highcov_11A4_run1_R2.fastq.gz
ISC_053.2	6013x8241_rep2	ISC_053.2_F8highcov	11B4	2024-11-04	01_unzip_raw_data/03_unzip_highcov_F8/22YHLCLT3_4_R18523_20250303/demultiplexed/343561/343561_TTGCTCTATTGTGACCTTGA_S26_R1_001.fastq.gz	01_unzip_raw_data/03_unzip_highcov_F8/22YHLCLT3_4_R18523_20250303/demultiplexed/343561/343561_TTGCTCTATTGTGACCTTGA_S26_R2_001.fastq.gz	03_rename_fastq_files/F8_highcov/_ISC_053.2_F8highcov_11B4_run1_R1.fastq.gz	03_rename_fastq_files/F8_highcov/_ISC_053.2_F8highcov_11B4_run1_R2.fastq.gz
ISC_056.1	6019x6012_rep1	ISC_056.1_F8highcov	11C4	2024-11-04	01_unzip_raw_data/03_unzip_highcov_F8/22YHLCLT3_4_R18523_20250303/demultiplexed/343561/343561_TTACAGTTAGACATGCATAT_S27_R1_001.fastq.gz	01_unzip_raw_data/03_unzip_highcov_F8/22YHLCLT3_4_R18523_20250303/demultiplexed/343561/343561_TTACAGTTAGACATGCATAT_S27_R2_001.fastq.gz	03_rename_fastq_files/F8_highcov/_ISC_056.1_F8highcov_11C4_run1_R1.fastq.gz	03_rename_fastq_files/F8_highcov/_ISC_056.1_F8highcov_11C4_run1_R2.fastq.gz
ISC_062.1	6023x9380_rep1	ISC_062.1_F8highcov	11D4	2024-11-04	01_unzip_raw_data/03_unzip_highcov_F8/22YHLCLT3_4_R18523_20250303/demultiplexed/343561/343561_CTAAGTACGCAACATACCTA_S28_R1_001.fastq.gz	01_unzip_raw_data/03_unzip_highcov_F8/22YHLCLT3_4_R18523_20250303/demultiplexed/343561/343561_CTAAGTACGCAACATACCTA_S28_R2_001.fastq.gz	03_rename_fastq_files/F8_highcov/_ISC_062.1_F8highcov_11D4_run1_R1.fastq.gz	03_rename_fastq_files/F8_highcov/_ISC_062.1_F8highcov_11D4_run1_R2.fastq.gz
ISC_063.1	6024x1367_rep1	ISC_063.1_F8highcov	11E4	2024-11-04	01_unzip_raw_data/03_unzip_highcov_F8/22YHLCLT3_4_R18523_20250303/demultiplexed/343561/343561_TAGTTCGGTACCATGTGTAG_S29_R1_001.fastq.gz	01_unzip_raw_data/03_unzip_highcov_F8/22YHLCLT3_4_R18523_20250303/demultiplexed/343561/343561_TAGTTCGGTACCATGTGTAG_S29_R2_001.fastq.gz	03_rename_fastq_files/F8_highcov/_ISC_063.1_F8highcov_11E4_run1_R1.fastq.gz	03_rename_fastq_files/F8_highcov/_ISC_063.1_F8highcov_11E4_run1_R2.fastq.gz
ISC_069.1	6030x992_rep1	ISC_069.1_F8highcov	11F4	2024-11-04	01_unzip_raw_data/03_unzip_highcov_F8/22YHLCLT3_4_R18523_20250303/demultiplexed/343561/343561_CTATTACTACGAGTCTCTCC_S30_R1_001.fastq.gz	01_unzip_raw_data/03_unzip_highcov_F8/22YHLCLT3_4_R18523_20250303/demultiplexed/343561/343561_CTATTACTACGAGTCTCTCC_S30_R2_001.fastq.gz	03_rename_fastq_files/F8_highcov/_ISC_069.1_F8highcov_11F4_run1_R1.fastq.gz	03_rename_fastq_files/F8_highcov/_ISC_069.1_F8highcov_11F4_run1_R2.fastq.gz
ISC_070.2	6030x992_rep2	ISC_070.2_F8highcov	11G4	2024-11-04	01_unzip_raw_data/03_unzip_highcov_F8/22YHLCLT3_4_R18523_20250303/demultiplexed/343561/343561_TAGCATAACCGCTATGCGCA_S31_R1_001.fastq.gz	01_unzip_raw_data/03_unzip_highcov_F8/22YHLCLT3_4_R18523_20250303/demultiplexed/343561/343561_TAGCATAACCGCTATGCGCA_S31_R2_001.fastq.gz	03_rename_fastq_files/F8_highcov/_ISC_070.2_F8highcov_11G4_run1_R1.fastq.gz	03_rename_fastq_files/F8_highcov/_ISC_070.2_F8highcov_11G4_run1_R2.fastq.gz
ISC_075.1	6036x1318_rep1	ISC_075.1_F8highcov	11H4	2024-11-04	01_unzip_raw_data/03_unzip_highcov_F8/22YHLCLT3_4_R18523_20250303/demultiplexed/343561/343561_ACTCTATTGTATCGCATATG_S32_R1_001.fastq.gz	01_unzip_raw_data/03_unzip_highcov_F8/22YHLCLT3_4_R18523_20250303/demultiplexed/343561/343561_ACTCTATTGTATCGCATATG_S32_R2_001.fastq.gz	03_rename_fastq_files/F8_highcov/_ISC_075.1_F8highcov_11H4_run1_R1.fastq.gz	03_rename_fastq_files/F8_highcov/_ISC_075.1_F8highcov_11H4_run1_R2.fastq.gz
ISC_076.2	6036x1318_rep2	ISC_076.2_F8highcov	11A3	2024-11-04	01_unzip_raw_data/03_unzip_highcov_F8/22YHLCLT3_4_R18523_20250303/demultiplexed/343561/343561_GCTAGACTATAATACGACAT_S17_R1_001.fastq.gz	01_unzip_raw_data/03_unzip_highcov_F8/22YHLCLT3_4_R18523_20250303/demultiplexed/343561/343561_GCTAGACTATAATACGACAT_S17_R2_001.fastq.gz	03_rename_fastq_files/F8_highcov/_ISC_076.2_F8highcov_11A3_run1_R1.fastq.gz	03_rename_fastq_files/F8_highcov/_ISC_076.2_F8highcov_11A3_run1_R2.fastq.gz
ISC_078.2	6038x6039_rep2	ISC_078.2_F8highcov	11B3	2024-11-04	01_unzip_raw_data/03_unzip_highcov_F8/22YHLCLT3_4_R18523_20250303/demultiplexed/343561/343561_AGCTACTATAGTTATATGGC_S18_R1_001.fastq.gz	01_unzip_raw_data/03_unzip_highcov_F8/22YHLCLT3_4_R18523_20250303/demultiplexed/343561/343561_AGCTACTATAGTTATATGGC_S18_R2_001.fastq.gz	03_rename_fastq_files/F8_highcov/_ISC_078.2_F8highcov_11B3_run1_R1.fastq.gz	03_rename_fastq_files/F8_highcov/_ISC_078.2_F8highcov_11B3_run1_R2.fastq.gz
ISC_079.1	6039x5835_rep1	ISC_079.1_F8highcov	11C3	2024-11-04	01_unzip_raw_data/03_unzip_highcov_F8/22YHLCLT3_4_R18523_20250303/demultiplexed/343561/343561_CCACCGGAGTGCCTGCCATG_S19_R1_001.fastq.gz	01_unzip_raw_data/03_unzip_highcov_F8/22YHLCLT3_4_R18523_20250303/demultiplexed/343561/343561_CCACCGGAGTGCCTGCCATG_S19_R2_001.fastq.gz	03_rename_fastq_files/F8_highcov/_ISC_079.1_F8highcov_11C3_run1_R1.fastq.gz	03_rename_fastq_files/F8_highcov/_ISC_079.1_F8highcov_11C3_run1_R2.fastq.gz
ISC_080.2	6039x5835_rep2	ISC_080.2_F8highcov	11D3	2024-11-04	01_unzip_raw_data/03_unzip_highcov_F8/22YHLCLT3_4_R18523_20250303/demultiplexed/343561/343561_CTTACCGCACTAAGACCTAT_S20_R1_001.fastq.gz	01_unzip_raw_data/03_unzip_highcov_F8/22YHLCLT3_4_R18523_20250303/demultiplexed/343561/343561_CTTACCGCACTAAGACCTAT_S20_R2_001.fastq.gz	03_rename_fastq_files/F8_highcov/_ISC_080.2_F8highcov_11D3_run1_R1.fastq.gz	03_rename_fastq_files/F8_highcov/_ISC_080.2_F8highcov_11D3_run1_R2.fastq.gz
ISC_086.2	6043x9453_rep2	ISC_086.2_F8highcov	11E3	2024-11-04	01_unzip_raw_data/03_unzip_highcov_F8/22YHLCLT3_4_R18523_20250303/demultiplexed/343561/343561_TTAGGATATCTATACCATGG_S21_R1_001.fastq.gz	01_unzip_raw_data/03_unzip_highcov_F8/22YHLCLT3_4_R18523_20250303/demultiplexed/343561/343561_TTAGGATATCTATACCATGG_S21_R2_001.fastq.gz	03_rename_fastq_files/F8_highcov/_ISC_086.2_F8highcov_11E3_run1_R1.fastq.gz	03_rename_fastq_files/F8_highcov/_ISC_086.2_F8highcov_11E3_run1_R2.fastq.gz
ISC_087.1	6046x6191_rep1	ISC_087.1_F8highcov	11F3	2024-11-04	01_unzip_raw_data/03_unzip_highcov_F8/22YHLCLT3_4_R18523_20250303/demultiplexed/343561/343561_TTATACGCGAGCCGTCTGTT_S22_R1_001.fastq.gz	01_unzip_raw_data/03_unzip_highcov_F8/22YHLCLT3_4_R18523_20250303/demultiplexed/343561/343561_TTATACGCGAGCCGTCTGTT_S22_R2_001.fastq.gz	03_rename_fastq_files/F8_highcov/_ISC_087.1_F8highcov_11F3_run1_R1.fastq.gz	03_rename_fastq_files/F8_highcov/_ISC_087.1_F8highcov_11F3_run1_R2.fastq.gz
ISC_088.2	6046x6191_rep2	ISC_088.2_F8highcov	11G3	2024-11-04	01_unzip_raw_data/03_unzip_highcov_F8/22YHLCLT3_4_R18523_20250303/demultiplexed/343561/343561_CGCTTAGAATCAGAGTGATA_S23_R1_001.fastq.gz	01_unzip_raw_data/03_unzip_highcov_F8/22YHLCLT3_4_R18523_20250303/demultiplexed/343561/343561_CGCTTAGAATCAGAGTGATA_S23_R2_001.fastq.gz	03_rename_fastq_files/F8_highcov/_ISC_088.2_F8highcov_11G3_run1_R1.fastq.gz	03_rename_fastq_files/F8_highcov/_ISC_088.2_F8highcov_11G3_run1_R2.fastq.gz
ISC_090.2	6064x9404_rep2	ISC_090.2_F8highcov	11H3	2024-11-04	01_unzip_raw_data/03_unzip_highcov_F8/22YHLCLT3_4_R18523_20250303/demultiplexed/343561/343561_CCGAAGCGCTTGCTAACTAT_S24_R1_001.fastq.gz	01_unzip_raw_data/03_unzip_highcov_F8/22YHLCLT3_4_R18523_20250303/demultiplexed/343561/343561_CCGAAGCGCTTGCTAACTAT_S24_R2_001.fastq.gz	03_rename_fastq_files/F8_highcov/_ISC_090.2_F8highcov_11H3_run1_R1.fastq.gz	03_rename_fastq_files/F8_highcov/_ISC_090.2_F8highcov_11H3_run1_R2.fastq.gz
ISC_093.1	6070x6019_rep1	ISC_093.1_F8highcov	11A2	2024-11-04	01_unzip_raw_data/03_unzip_highcov_F8/22YHLCLT3_4_R18523_20250303/demultiplexed/343561/343561_AACCGAGTTCGATCTCTGGA_S9_R1_001.fastq.gz	01_unzip_raw_data/03_unzip_highcov_F8/22YHLCLT3_4_R18523_20250303/demultiplexed/343561/343561_AACCGAGTTCGATCTCTGGA_S9_R2_001.fastq.gz	03_rename_fastq_files/F8_highcov/_ISC_093.1_F8highcov_11A2_run1_R1.fastq.gz	03_rename_fastq_files/F8_highcov/_ISC_093.1_F8highcov_11A2_run1_R2.fastq.gz
ISC_110.1	6092x6125_rep1	ISC_110.1_F8highcov	11B2	2024-11-04	01_unzip_raw_data/03_unzip_highcov_F8/22YHLCLT3_4_R18523_20250303/demultiplexed/343561/343561_TGTGATAACTCAGGCGCCAT_S10_R1_001.fastq.gz	01_unzip_raw_data/03_unzip_highcov_F8/22YHLCLT3_4_R18523_20250303/demultiplexed/343561/343561_TGTGATAACTCAGGCGCCAT_S10_R2_001.fastq.gz	03_rename_fastq_files/F8_highcov/_ISC_110.1_F8highcov_11B2_run1_R1.fastq.gz	03_rename_fastq_files/F8_highcov/_ISC_110.1_F8highcov_11B2_run1_R2.fastq.gz
ISC_115.2	6097x1318_rep2	ISC_115.2_F8highcov	11C2	2024-11-04	01_unzip_raw_data/03_unzip_highcov_F8/22YHLCLT3_4_R18523_20250303/demultiplexed/343561/343561_AGTATGCTACTTAATAGACC_S11_R1_001.fastq.gz	01_unzip_raw_data/03_unzip_highcov_F8/22YHLCLT3_4_R18523_20250303/demultiplexed/343561/343561_AGTATGCTACTTAATAGACC_S11_R2_001.fastq.gz	03_rename_fastq_files/F8_highcov/_ISC_115.2_F8highcov_11C2_run1_R1.fastq.gz	03_rename_fastq_files/F8_highcov/_ISC_115.2_F8highcov_11C2_run1_R2.fastq.gz
ISC_117.2	6098x9451_rep2	ISC_117.2_F8highcov	11D2	2024-11-04	01_unzip_raw_data/03_unzip_highcov_F8/22YHLCLT3_4_R18523_20250303/demultiplexed/343561/343561_GTAACTGAAGGGAGTCGCGA_S12_R1_001.fastq.gz	01_unzip_raw_data/03_unzip_highcov_F8/22YHLCLT3_4_R18523_20250303/demultiplexed/343561/343561_GTAACTGAAGGGAGTCGCGA_S12_R2_001.fastq.gz	03_rename_fastq_files/F8_highcov/_ISC_117.2_F8highcov_11D2_run1_R1.fastq.gz	03_rename_fastq_files/F8_highcov/_ISC_117.2_F8highcov_11D2_run1_R2.fastq.gz
ISC_121.1	6104x6034_rep1	ISC_121.1_F8highcov	11E2	2024-11-04	01_unzip_raw_data/03_unzip_highcov_F8/22YHLCLT3_4_R18523_20250303/demultiplexed/343561/343561_TCCTCGGACTAACGCCAGAG_S13_R1_001.fastq.gz	01_unzip_raw_data/03_unzip_highcov_F8/22YHLCLT3_4_R18523_20250303/demultiplexed/343561/343561_TCCTCGGACTAACGCCAGAG_S13_R2_001.fastq.gz	03_rename_fastq_files/F8_highcov/_ISC_121.1_F8highcov_11E2_run1_R1.fastq.gz	03_rename_fastq_files/F8_highcov/_ISC_121.1_F8highcov_11E2_run1_R2.fastq.gz
ISC_123.1	6105x5829_rep1	ISC_123.1_F8highcov	11F2	2024-11-04	01_unzip_raw_data/03_unzip_highcov_F8/22YHLCLT3_4_R18523_20250303/demultiplexed/343561/343561_CTGGAACTGTCGTAATTAAC_S14_R1_001.fastq.gz	01_unzip_raw_data/03_unzip_highcov_F8/22YHLCLT3_4_R18523_20250303/demultiplexed/343561/343561_CTGGAACTGTCGTAATTAAC_S14_R2_001.fastq.gz	03_rename_fastq_files/F8_highcov/_ISC_123.1_F8highcov_11F2_run1_R1.fastq.gz	03_rename_fastq_files/F8_highcov/_ISC_123.1_F8highcov_11F2_run1_R2.fastq.gz
ISC_124.2	6105x5829_rep2	ISC_124.2_F8highcov	11G2	2024-11-04	01_unzip_raw_data/03_unzip_highcov_F8/22YHLCLT3_4_R18523_20250303/demultiplexed/343561/343561_GAATATGCGGACGAGACTGA_S15_R1_001.fastq.gz	01_unzip_raw_data/03_unzip_highcov_F8/22YHLCLT3_4_R18523_20250303/demultiplexed/343561/343561_GAATATGCGGACGAGACTGA_S15_R2_001.fastq.gz	03_rename_fastq_files/F8_highcov/_ISC_124.2_F8highcov_11G2_run1_R1.fastq.gz	03_rename_fastq_files/F8_highcov/_ISC_124.2_F8highcov_11G2_run1_R2.fastq.gz
ISC_127.1	6107x6128_rep1	ISC_127.1_F8highcov	11H2	2024-11-04	01_unzip_raw_data/03_unzip_highcov_F8/22YHLCLT3_4_R18523_20250303/demultiplexed/343561/343561_GATCGGATAAGTATCGGCCG_S16_R1_001.fastq.gz	01_unzip_raw_data/03_unzip_highcov_F8/22YHLCLT3_4_R18523_20250303/demultiplexed/343561/343561_GATCGGATAAGTATCGGCCG_S16_R2_001.fastq.gz	03_rename_fastq_files/F8_highcov/_ISC_127.1_F8highcov_11H2_run1_R1.fastq.gz	03_rename_fastq_files/F8_highcov/_ISC_127.1_F8highcov_11H2_run1_R2.fastq.gz
ISC_130.1	6109x9343_rep1	ISC_130.1_F8highcov	11A1	2024-11-04	01_unzip_raw_data/03_unzip_highcov_F8/22YHLCLT3_4_R18523_20250303/demultiplexed/343561/343561_TCTCATGATAAACACGTGGA_S1_R1_001.fastq.gz	01_unzip_raw_data/03_unzip_highcov_F8/22YHLCLT3_4_R18523_20250303/demultiplexed/343561/343561_TCTCATGATAAACACGTGGA_S1_R2_001.fastq.gz	03_rename_fastq_files/F8_highcov/_ISC_130.1_F8highcov_11A1_run1_R1.fastq.gz	03_rename_fastq_files/F8_highcov/_ISC_130.1_F8highcov_11A1_run1_R2.fastq.gz
ISC_136.1	6115x1585_rep1	ISC_136.1_F8highcov	11B1	2024-11-04	01_unzip_raw_data/03_unzip_highcov_F8/22YHLCLT3_4_R18523_20250303/demultiplexed/343561/343561_CGAGGCCAAGGTGTTACCGG_S2_R1_001.fastq.gz	01_unzip_raw_data/03_unzip_highcov_F8/22YHLCLT3_4_R18523_20250303/demultiplexed/343561/343561_CGAGGCCAAGGTGTTACCGG_S2_R2_001.fastq.gz	03_rename_fastq_files/F8_highcov/_ISC_136.1_F8highcov_11B1_run1_R1.fastq.gz	03_rename_fastq_files/F8_highcov/_ISC_136.1_F8highcov_11B1_run1_R2.fastq.gz
ISC_158.2	6133x6917_rep2	ISC_158.2_F8highcov	11C1	2024-11-04	01_unzip_raw_data/03_unzip_highcov_F8/22YHLCLT3_4_R18523_20250303/demultiplexed/343561/343561_TTCACGAGACAGATTGTTAC_S3_R1_001.fastq.gz	01_unzip_raw_data/03_unzip_highcov_F8/22YHLCLT3_4_R18523_20250303/demultiplexed/343561/343561_TTCACGAGACAGATTGTTAC_S3_R2_001.fastq.gz	03_rename_fastq_files/F8_highcov/_ISC_158.2_F8highcov_11C1_run1_R1.fastq.gz	03_rename_fastq_files/F8_highcov/_ISC_158.2_F8highcov_11C1_run1_R2.fastq.gz
ISC_163.1	6137x5867_rep1	ISC_163.1_F8highcov	11D1	2024-11-04	01_unzip_raw_data/03_unzip_highcov_F8/22YHLCLT3_4_R18523_20250303/demultiplexed/343561/343561_GCGTGGATGGTTGACCAATG_S4_R1_001.fastq.gz	01_unzip_raw_data/03_unzip_highcov_F8/22YHLCLT3_4_R18523_20250303/demultiplexed/343561/343561_GCGTGGATGGTTGACCAATG_S4_R2_001.fastq.gz	03_rename_fastq_files/F8_highcov/_ISC_163.1_F8highcov_11D1_run1_R1.fastq.gz	03_rename_fastq_files/F8_highcov/_ISC_163.1_F8highcov_11D1_run1_R2.fastq.gz
ISC_164.2	6137x5867_rep2	ISC_164.2_F8highcov	11F1	2024-11-04	01_unzip_raw_data/03_unzip_highcov_F8/22YHLCLT3_4_R18523_20250303/demultiplexed/343561/343561_TAATTCTGCTTCTCATCAAT_S6_R1_001.fastq.gz	01_unzip_raw_data/03_unzip_highcov_F8/22YHLCLT3_4_R18523_20250303/demultiplexed/343561/343561_TAATTCTGCTTCTCATCAAT_S6_R2_001.fastq.gz	03_rename_fastq_files/F8_highcov/_ISC_164.2_F8highcov_11F1_run1_R1.fastq.gz	03_rename_fastq_files/F8_highcov/_ISC_164.2_F8highcov_11F1_run1_R2.fastq.gz
ISC_166.2	6138x6122_rep2	ISC_166.2_F8highcov	11E1	2024-11-04	01_unzip_raw_data/03_unzip_highcov_F8/22YHLCLT3_4_R18523_20250303/demultiplexed/343561/343561_TCCTGGTTGTCTGACCGGCA_S5_R1_001.fastq.gz	01_unzip_raw_data/03_unzip_highcov_F8/22YHLCLT3_4_R18523_20250303/demultiplexed/343561/343561_TCCTGGTTGTCTGACCGGCA_S5_R2_001.fastq.gz	03_rename_fastq_files/F8_highcov/_ISC_166.2_F8highcov_11E1_run1_R1.fastq.gz	03_rename_fastq_files/F8_highcov/_ISC_166.2_F8highcov_11E1_run1_R2.fastq.gz
ISC_167.1	6140x9388_rep1	ISC_167.1_F8highcov	11G1	2024-11-04	01_unzip_raw_data/03_unzip_highcov_F8/22YHLCLT3_4_R18523_20250303/demultiplexed/343561/343561_CGCACGACTGGGACCAACAG_S7_R1_001.fastq.gz	01_unzip_raw_data/03_unzip_highcov_F8/22YHLCLT3_4_R18523_20250303/demultiplexed/343561/343561_CGCACGACTGGGACCAACAG_S7_R2_001.fastq.gz	03_rename_fastq_files/F8_highcov/_ISC_167.1_F8highcov_11G1_run1_R1.fastq.gz	03_rename_fastq_files/F8_highcov/_ISC_167.1_F8highcov_11G1_run1_R2.fastq.gz
ISC_168.2	6140x9388_rep2	ISC_168.2_F8highcov	11H1	2024-11-04	01_unzip_raw_data/03_unzip_highcov_F8/22YHLCLT3_4_R18523_20250303/demultiplexed/343561/343561_GAGGTTAGACAATGTATTGC_S8_R1_001.fastq.gz	01_unzip_raw_data/03_unzip_highcov_F8/22YHLCLT3_4_R18523_20250303/demultiplexed/343561/343561_GAGGTTAGACAATGTATTGC_S8_R2_001.fastq.gz	03_rename_fastq_files/F8_highcov/_ISC_168.2_F8highcov_11H1_run1_R1.fastq.gz	03_rename_fastq_files/F8_highcov/_ISC_168.2_F8highcov_11H1_run1_R2.fastq.gz
ISC_181.1	6154x6221_rep1	ISC_181.1_F8highcov	11A12	2024-11-04	01_unzip_raw_data/03_unzip_highcov_F8/22YHLCLT3_4_R18523_20250303/demultiplexed/343561/343561_TATCACTCTGAACGTTACAT_S89_R1_001.fastq.gz	01_unzip_raw_data/03_unzip_highcov_F8/22YHLCLT3_4_R18523_20250303/demultiplexed/343561/343561_TATCACTCTGAACGTTACAT_S89_R2_001.fastq.gz	03_rename_fastq_files/F8_highcov/_ISC_181.1_F8highcov_11A12_run1_R1.fastq.gz	03_rename_fastq_files/F8_highcov/_ISC_181.1_F8highcov_11A12_run1_R2.fastq.gz
ISC_189.1	6169x8230_rep1	ISC_189.1_F8highcov	11B12	2024-11-04	01_unzip_raw_data/03_unzip_highcov_F8/22YHLCLT3_4_R18523_20250303/demultiplexed/343561/343561_AGAATTCGCCCGGCAAGCTC_S90_R1_001.fastq.gz	01_unzip_raw_data/03_unzip_highcov_F8/22YHLCLT3_4_R18523_20250303/demultiplexed/343561/343561_AGAATTCGCCCGGCAAGCTC_S90_R2_001.fastq.gz	03_rename_fastq_files/F8_highcov/_ISC_189.1_F8highcov_11B12_run1_R1.fastq.gz	03_rename_fastq_files/F8_highcov/_ISC_189.1_F8highcov_11B12_run1_R2.fastq.gz
ISC_205.1	6191x6965_rep1	ISC_205.1_F8highcov	11C12	2024-11-04	01_unzip_raw_data/03_unzip_highcov_F8/22YHLCLT3_4_R18523_20250303/demultiplexed/343561/343561_CCTGACCACTTCTTGGCTAT_S91_R1_001.fastq.gz	01_unzip_raw_data/03_unzip_highcov_F8/22YHLCLT3_4_R18523_20250303/demultiplexed/343561/343561_CCTGACCACTTCTTGGCTAT_S91_R2_001.fastq.gz	03_rename_fastq_files/F8_highcov/_ISC_205.1_F8highcov_11C12_run1_R1.fastq.gz	03_rename_fastq_files/F8_highcov/_ISC_205.1_F8highcov_11C12_run1_R2.fastq.gz
ISC_219.1	6198x6118_rep1	ISC_219.1_F8highcov	11D12	2024-11-04	01_unzip_raw_data/03_unzip_highcov_F8/22YHLCLT3_4_R18523_20250303/demultiplexed/343561/343561_AGCTGGAATGACGGAATGCG_S92_R1_001.fastq.gz	01_unzip_raw_data/03_unzip_highcov_F8/22YHLCLT3_4_R18523_20250303/demultiplexed/343561/343561_AGCTGGAATGACGGAATGCG_S92_R2_001.fastq.gz	03_rename_fastq_files/F8_highcov/_ISC_219.1_F8highcov_11D12_run1_R1.fastq.gz	03_rename_fastq_files/F8_highcov/_ISC_219.1_F8highcov_11D12_run1_R2.fastq.gz
ISC_220.2	6198x6118_rep2	ISC_220.2_F8highcov	11E12	2024-11-04	01_unzip_raw_data/03_unzip_highcov_F8/22YHLCLT3_4_R18523_20250303/demultiplexed/343561/343561_TGATAACGAGGTTCCGCAGG_S93_R1_001.fastq.gz	01_unzip_raw_data/03_unzip_highcov_F8/22YHLCLT3_4_R18523_20250303/demultiplexed/343561/343561_TGATAACGAGGTTCCGCAGG_S93_R2_001.fastq.gz	03_rename_fastq_files/F8_highcov/_ISC_220.2_F8highcov_11E12_run1_R1.fastq.gz	03_rename_fastq_files/F8_highcov/_ISC_220.2_F8highcov_11E12_run1_R2.fastq.gz
ISC_234.2	6217x6126_rep2	ISC_234.2_F8highcov	11F12	2024-11-04	01_unzip_raw_data/03_unzip_highcov_F8/22YHLCLT3_4_R18523_20250303/demultiplexed/343561/343561_CATAGTAAGGACCAAGTTAC_S94_R1_001.fastq.gz	01_unzip_raw_data/03_unzip_highcov_F8/22YHLCLT3_4_R18523_20250303/demultiplexed/343561/343561_CATAGTAAGGACCAAGTTAC_S94_R2_001.fastq.gz	03_rename_fastq_files/F8_highcov/_ISC_234.2_F8highcov_11F12_run1_R1.fastq.gz	03_rename_fastq_files/F8_highcov/_ISC_234.2_F8highcov_11F12_run1_R2.fastq.gz
ISC_243.2	6237x6090_rep2	ISC_243.2_F8highcov	11G12	2024-11-04	01_unzip_raw_data/03_unzip_highcov_F8/22YHLCLT3_4_R18523_20250303/demultiplexed/343561/343561_ATTGGCTTCTTGGCTCGCAG_S95_R1_001.fastq.gz	01_unzip_raw_data/03_unzip_highcov_F8/22YHLCLT3_4_R18523_20250303/demultiplexed/343561/343561_ATTGGCTTCTTGGCTCGCAG_S95_R2_001.fastq.gz	03_rename_fastq_files/F8_highcov/_ISC_243.2_F8highcov_11G12_run1_R1.fastq.gz	03_rename_fastq_files/F8_highcov/_ISC_243.2_F8highcov_11G12_run1_R2.fastq.gz
ISC_250.1	6243x6180_rep1	ISC_250.1_F8highcov	11H12	2024-11-04	01_unzip_raw_data/03_unzip_highcov_F8/22YHLCLT3_4_R18523_20250303/demultiplexed/343561/343561_GTACCGATTAAACTAACGTT_S96_R1_001.fastq.gz	01_unzip_raw_data/03_unzip_highcov_F8/22YHLCLT3_4_R18523_20250303/demultiplexed/343561/343561_GTACCGATTAAACTAACGTT_S96_R2_001.fastq.gz	03_rename_fastq_files/F8_highcov/_ISC_250.1_F8highcov_11H12_run1_R1.fastq.gz	03_rename_fastq_files/F8_highcov/_ISC_250.1_F8highcov_11H12_run1_R2.fastq.gz
ISC_256.1	6255x6136_rep1	ISC_256.1_F8highcov	11A11	2024-11-04	01_unzip_raw_data/03_unzip_highcov_F8/22YHLCLT3_4_R18523_20250303/demultiplexed/343561/343561_CCAATGATACGAGTGTGCCG_S81_R1_001.fastq.gz	01_unzip_raw_data/03_unzip_highcov_F8/22YHLCLT3_4_R18523_20250303/demultiplexed/343561/343561_CCAATGATACGAGTGTGCCG_S81_R2_001.fastq.gz	03_rename_fastq_files/F8_highcov/_ISC_256.1_F8highcov_11A11_run1_R1.fastq.gz	03_rename_fastq_files/F8_highcov/_ISC_256.1_F8highcov_11A11_run1_R2.fastq.gz
ISC_257.2	6255x6136_rep2	ISC_257.2_F8highcov	11B11	2024-11-04	01_unzip_raw_data/03_unzip_highcov_F8/22YHLCLT3_4_R18523_20250303/demultiplexed/343561/343561_GAGGCCTATTCTAGTCCGGA_S82_R1_001.fastq.gz	01_unzip_raw_data/03_unzip_highcov_F8/22YHLCLT3_4_R18523_20250303/demultiplexed/343561/343561_GAGGCCTATTCTAGTCCGGA_S82_R2_001.fastq.gz	03_rename_fastq_files/F8_highcov/_ISC_257.2_F8highcov_11B11_run1_R1.fastq.gz	03_rename_fastq_files/F8_highcov/_ISC_257.2_F8highcov_11B11_run1_R2.fastq.gz
ISC_260.1	6276x9363_rep1	ISC_260.1_F8highcov	11H7	2024-11-04	01_unzip_raw_data/03_unzip_highcov_F8/22YHLCLT3_4_R18523_20250303/demultiplexed/343561/343561_TCCAGAGATCCTGCACTTCA_S56_R1_001.fastq.gz	01_unzip_raw_data/03_unzip_highcov_F8/22YHLCLT3_4_R18523_20250303/demultiplexed/343561/343561_TCCAGAGATCCTGCACTTCA_S56_R2_001.fastq.gz	03_rename_fastq_files/F8_highcov/_ISC_260.1_F8highcov_11H7_run1_R1.fastq.gz	03_rename_fastq_files/F8_highcov/_ISC_260.1_F8highcov_11H7_run1_R2.fastq.gz
ISC_268.1	6917x6011_rep1	ISC_268.1_F8highcov	11D11	2024-11-04	01_unzip_raw_data/03_unzip_highcov_F8/22YHLCLT3_4_R18523_20250303/demultiplexed/343561/343561_CTTCCTAGGACCTAGAGTAT_S84_R1_001.fastq.gz	01_unzip_raw_data/03_unzip_highcov_F8/22YHLCLT3_4_R18523_20250303/demultiplexed/343561/343561_CTTCCTAGGACCTAGAGTAT_S84_R2_001.fastq.gz	03_rename_fastq_files/F8_highcov/_ISC_268.1_F8highcov_11D11_run1_R1.fastq.gz	03_rename_fastq_files/F8_highcov/_ISC_268.1_F8highcov_11D11_run1_R2.fastq.gz
ISC_270.1	6918x9323_rep1	ISC_270.1_F8highcov	11E11	2024-11-04	01_unzip_raw_data/03_unzip_highcov_F8/22YHLCLT3_4_R18523_20250303/demultiplexed/343561/343561_CGATCTGTGATAGGAAGACT_S85_R1_001.fastq.gz	01_unzip_raw_data/03_unzip_highcov_F8/22YHLCLT3_4_R18523_20250303/demultiplexed/343561/343561_CGATCTGTGATAGGAAGACT_S85_R2_001.fastq.gz	03_rename_fastq_files/F8_highcov/_ISC_270.1_F8highcov_11E11_run1_R1.fastq.gz	03_rename_fastq_files/F8_highcov/_ISC_270.1_F8highcov_11E11_run1_R2.fastq.gz
ISC_274.1	6974x6102_rep1	ISC_274.1_F8highcov	11F11	2024-11-04	01_unzip_raw_data/03_unzip_highcov_F8/22YHLCLT3_4_R18523_20250303/demultiplexed/343561/343561_GTGGACAAGTCCGTGGCCTT_S86_R1_001.fastq.gz	01_unzip_raw_data/03_unzip_highcov_F8/22YHLCLT3_4_R18523_20250303/demultiplexed/343561/343561_GTGGACAAGTCCGTGGCCTT_S86_R2_001.fastq.gz	03_rename_fastq_files/F8_highcov/_ISC_274.1_F8highcov_11F11_run1_R1.fastq.gz	03_rename_fastq_files/F8_highcov/_ISC_274.1_F8highcov_11F11_run1_R2.fastq.gz
ISC_276.1	6974x6198_rep1	ISC_276.1_F8highcov	11G11	2024-11-04	01_unzip_raw_data/03_unzip_highcov_F8/22YHLCLT3_4_R18523_20250303/demultiplexed/343561/343561_AACAAGTACAGGATATATCC_S87_R1_001.fastq.gz	01_unzip_raw_data/03_unzip_highcov_F8/22YHLCLT3_4_R18523_20250303/demultiplexed/343561/343561_AACAAGTACAGGATATATCC_S87_R2_001.fastq.gz	03_rename_fastq_files/F8_highcov/_ISC_276.1_F8highcov_11G11_run1_R1.fastq.gz	03_rename_fastq_files/F8_highcov/_ISC_276.1_F8highcov_11G11_run1_R2.fastq.gz
ISC_277.2	6974x6198_rep2	ISC_277.2_F8highcov	11H11	2024-11-04	01_unzip_raw_data/03_unzip_highcov_F8/22YHLCLT3_4_R18523_20250303/demultiplexed/343561/343561_AGATTAAGTGCACCTCTTGG_S88_R1_001.fastq.gz	01_unzip_raw_data/03_unzip_highcov_F8/22YHLCLT3_4_R18523_20250303/demultiplexed/343561/343561_AGATTAAGTGCACCTCTTGG_S88_R2_001.fastq.gz	03_rename_fastq_files/F8_highcov/_ISC_277.2_F8highcov_11H11_run1_R1.fastq.gz	03_rename_fastq_files/F8_highcov/_ISC_277.2_F8highcov_11H11_run1_R2.fastq.gz
ISC_287.2	8230x6195_rep2	ISC_287.2_F8highcov	11A10	2024-11-04	01_unzip_raw_data/03_unzip_highcov_F8/22YHLCLT3_4_R18523_20250303/demultiplexed/343561/343561_TACCGCCTCGCCTCGCAACC_S73_R1_001.fastq.gz	01_unzip_raw_data/03_unzip_highcov_F8/22YHLCLT3_4_R18523_20250303/demultiplexed/343561/343561_TACCGCCTCGCCTCGCAACC_S73_R2_001.fastq.gz	03_rename_fastq_files/F8_highcov/_ISC_287.2_F8highcov_11A10_run1_R1.fastq.gz	03_rename_fastq_files/F8_highcov/_ISC_287.2_F8highcov_11A10_run1_R2.fastq.gz
ISC_306.1	8283x9471_rep1	ISC_306.1_F8highcov	11B10	2024-11-04	01_unzip_raw_data/03_unzip_highcov_F8/22YHLCLT3_4_R18523_20250303/demultiplexed/343561/343561_CTGTTATATCGTATAGCTGT_S74_R1_001.fastq.gz	01_unzip_raw_data/03_unzip_highcov_F8/22YHLCLT3_4_R18523_20250303/demultiplexed/343561/343561_CTGTTATATCGTATAGCTGT_S74_R2_001.fastq.gz	03_rename_fastq_files/F8_highcov/_ISC_306.1_F8highcov_11B10_run1_R1.fastq.gz	03_rename_fastq_files/F8_highcov/_ISC_306.1_F8highcov_11B10_run1_R2.fastq.gz
ISC_307.2	8283x9471_rep2	ISC_307.2_F8highcov	11C10	2024-11-04	01_unzip_raw_data/03_unzip_highcov_F8/22YHLCLT3_4_R18523_20250303/demultiplexed/343561/343561_TAACCGGCGAGCTACATTAG_S75_R1_001.fastq.gz	01_unzip_raw_data/03_unzip_highcov_F8/22YHLCLT3_4_R18523_20250303/demultiplexed/343561/343561_TAACCGGCGAGCTACATTAG_S75_R2_001.fastq.gz	03_rename_fastq_files/F8_highcov/_ISC_307.2_F8highcov_11C10_run1_R1.fastq.gz	03_rename_fastq_files/F8_highcov/_ISC_307.2_F8highcov_11C10_run1_R2.fastq.gz
ISC_326.1	8426x6193_rep1	ISC_326.1_F8highcov	11D10	2024-11-04	01_unzip_raw_data/03_unzip_highcov_F8/22YHLCLT3_4_R18523_20250303/demultiplexed/343561/343561_AAGAGAGTCTTACGAATCTT_S76_R1_001.fastq.gz	01_unzip_raw_data/03_unzip_highcov_F8/22YHLCLT3_4_R18523_20250303/demultiplexed/343561/343561_AAGAGAGTCTTACGAATCTT_S76_R2_001.fastq.gz	03_rename_fastq_files/F8_highcov/_ISC_326.1_F8highcov_11D10_run1_R1.fastq.gz	03_rename_fastq_files/F8_highcov/_ISC_326.1_F8highcov_11D10_run1_R2.fastq.gz
ISC_336.1	9332x6413_rep1	ISC_336.1_F8highcov	11E10	2024-11-04	01_unzip_raw_data/03_unzip_highcov_F8/22YHLCLT3_4_R18523_20250303/demultiplexed/343561/343561_GTAGGCGAGCTAGGAGCGCA_S77_R1_001.fastq.gz	01_unzip_raw_data/03_unzip_highcov_F8/22YHLCLT3_4_R18523_20250303/demultiplexed/343561/343561_GTAGGCGAGCTAGGAGCGCA_S77_R2_001.fastq.gz	03_rename_fastq_files/F8_highcov/_ISC_336.1_F8highcov_11E10_run1_R1.fastq.gz	03_rename_fastq_files/F8_highcov/_ISC_336.1_F8highcov_11E10_run1_R2.fastq.gz
ISC_339.2	9336x6220_rep2	ISC_339.2_F8highcov	11F10	2024-11-04	01_unzip_raw_data/03_unzip_highcov_F8/22YHLCLT3_4_R18523_20250303/demultiplexed/343561/343561_AACTTATCCTGTACTGGCGT_S78_R1_001.fastq.gz	01_unzip_raw_data/03_unzip_highcov_F8/22YHLCLT3_4_R18523_20250303/demultiplexed/343561/343561_AACTTATCCTGTACTGGCGT_S78_R2_001.fastq.gz	03_rename_fastq_files/F8_highcov/_ISC_339.2_F8highcov_11F10_run1_R1.fastq.gz	03_rename_fastq_files/F8_highcov/_ISC_339.2_F8highcov_11F10_run1_R2.fastq.gz
ISC_345.2	9353x6109_rep2	ISC_345.2_F8highcov	11G10	2024-11-04	01_unzip_raw_data/03_unzip_highcov_F8/22YHLCLT3_4_R18523_20250303/demultiplexed/343561/343561_ATTATGTCTCAGTTAAGAGC_S79_R1_001.fastq.gz	01_unzip_raw_data/03_unzip_highcov_F8/22YHLCLT3_4_R18523_20250303/demultiplexed/343561/343561_ATTATGTCTCAGTTAAGAGC_S79_R2_001.fastq.gz	03_rename_fastq_files/F8_highcov/_ISC_345.2_F8highcov_11G10_run1_R1.fastq.gz	03_rename_fastq_files/F8_highcov/_ISC_345.2_F8highcov_11G10_run1_R2.fastq.gz
ISC_346.1	9356x6094_rep1	ISC_346.1_F8highcov	11H10	2024-11-04	01_unzip_raw_data/03_unzip_highcov_F8/22YHLCLT3_4_R18523_20250303/demultiplexed/343561/343561_TATAACAGCTTCGCGTATAA_S80_R1_001.fastq.gz	01_unzip_raw_data/03_unzip_highcov_F8/22YHLCLT3_4_R18523_20250303/demultiplexed/343561/343561_TATAACAGCTTCGCGTATAA_S80_R2_001.fastq.gz	03_rename_fastq_files/F8_highcov/_ISC_346.1_F8highcov_11H10_run1_R1.fastq.gz	03_rename_fastq_files/F8_highcov/_ISC_346.1_F8highcov_11H10_run1_R2.fastq.gz
ISC_347.2	9356x6094_rep2	ISC_347.2_F8highcov	11A9	2024-11-04	01_unzip_raw_data/03_unzip_highcov_F8/22YHLCLT3_4_R18523_20250303/demultiplexed/343561/343561_GTAACAATCTCTCTGTATAC_S65_R1_001.fastq.gz	01_unzip_raw_data/03_unzip_highcov_F8/22YHLCLT3_4_R18523_20250303/demultiplexed/343561/343561_GTAACAATCTCTCTGTATAC_S65_R2_001.fastq.gz	03_rename_fastq_files/F8_highcov/_ISC_347.2_F8highcov_11A9_run1_R1.fastq.gz	03_rename_fastq_files/F8_highcov/_ISC_347.2_F8highcov_11A9_run1_R2.fastq.gz
ISC_352.1	9380x1063_rep1	ISC_352.1_F8highcov	11B9	2024-11-04	01_unzip_raw_data/03_unzip_highcov_F8/22YHLCLT3_4_R18523_20250303/demultiplexed/343561/343561_CAGCGGTAGAGCAACAGGTG_S66_R1_001.fastq.gz	01_unzip_raw_data/03_unzip_highcov_F8/22YHLCLT3_4_R18523_20250303/demultiplexed/343561/343561_CAGCGGTAGAGCAACAGGTG_S66_R2_001.fastq.gz	03_rename_fastq_files/F8_highcov/_ISC_352.1_F8highcov_11B9_run1_R1.fastq.gz	03_rename_fastq_files/F8_highcov/_ISC_352.1_F8highcov_11B9_run1_R2.fastq.gz
ISC_354.1	9381x6198_rep1	ISC_354.1_F8highcov	11C9	2024-11-04	01_unzip_raw_data/03_unzip_highcov_F8/22YHLCLT3_4_R18523_20250303/demultiplexed/343561/343561_TCATACCGTTGGTAACGCAG_S67_R1_001.fastq.gz	01_unzip_raw_data/03_unzip_highcov_F8/22YHLCLT3_4_R18523_20250303/demultiplexed/343561/343561_TCATACCGTTGGTAACGCAG_S67_R2_001.fastq.gz	03_rename_fastq_files/F8_highcov/_ISC_354.1_F8highcov_11C9_run1_R1.fastq.gz	03_rename_fastq_files/F8_highcov/_ISC_354.1_F8highcov_11C9_run1_R2.fastq.gz
ISC_355.2	9381x6198_rep2	ISC_355.2_F8highcov	11D9	2024-11-04	01_unzip_raw_data/03_unzip_highcov_F8/22YHLCLT3_4_R18523_20250303/demultiplexed/343561/343561_GGCGCCATTGACCGCGCAAT_S68_R1_001.fastq.gz	01_unzip_raw_data/03_unzip_highcov_F8/22YHLCLT3_4_R18523_20250303/demultiplexed/343561/343561_GGCGCCATTGACCGCGCAAT_S68_R2_001.fastq.gz	03_rename_fastq_files/F8_highcov/_ISC_355.2_F8highcov_11D9_run1_R1.fastq.gz	03_rename_fastq_files/F8_highcov/_ISC_355.2_F8highcov_11D9_run1_R2.fastq.gz
ISC_360.1	9388x9057_rep1	ISC_360.1_F8highcov	11E9	2024-11-04	01_unzip_raw_data/03_unzip_highcov_F8/22YHLCLT3_4_R18523_20250303/demultiplexed/343561/343561_AGCGAATTAGAGCCGGAACA_S69_R1_001.fastq.gz	01_unzip_raw_data/03_unzip_highcov_F8/22YHLCLT3_4_R18523_20250303/demultiplexed/343561/343561_AGCGAATTAGAGCCGGAACA_S69_R2_001.fastq.gz	03_rename_fastq_files/F8_highcov/_ISC_360.1_F8highcov_11E9_run1_R1.fastq.gz	03_rename_fastq_files/F8_highcov/_ISC_360.1_F8highcov_11E9_run1_R2.fastq.gz
ISC_361.2	9388x9057_rep2	ISC_361.2_F8highcov	11F9	2024-11-04	01_unzip_raw_data/03_unzip_highcov_F8/22YHLCLT3_4_R18523_20250303/demultiplexed/343561/343561_TTAGACCATGTCCTAGGAAG_S70_R1_001.fastq.gz	01_unzip_raw_data/03_unzip_highcov_F8/22YHLCLT3_4_R18523_20250303/demultiplexed/343561/343561_TTAGACCATGTCCTAGGAAG_S70_R2_001.fastq.gz	03_rename_fastq_files/F8_highcov/_ISC_361.2_F8highcov_11F9_run1_R1.fastq.gz	03_rename_fastq_files/F8_highcov/_ISC_361.2_F8highcov_11F9_run1_R2.fastq.gz
ISC_364.1	9391x5867_rep1	ISC_364.1_F8highcov	11G9	2024-11-04	01_unzip_raw_data/03_unzip_highcov_F8/22YHLCLT3_4_R18523_20250303/demultiplexed/343561/343561_CACACAGTATTTGAGCCTAA_S71_R1_001.fastq.gz	01_unzip_raw_data/03_unzip_highcov_F8/22YHLCLT3_4_R18523_20250303/demultiplexed/343561/343561_CACACAGTATTTGAGCCTAA_S71_R2_001.fastq.gz	03_rename_fastq_files/F8_highcov/_ISC_364.1_F8highcov_11G9_run1_R1.fastq.gz	03_rename_fastq_files/F8_highcov/_ISC_364.1_F8highcov_11G9_run1_R2.fastq.gz
ISC_367.2	9391x9353_rep2	ISC_367.2_F8highcov	11G7	2024-11-04	01_unzip_raw_data/03_unzip_highcov_F8/22YHLCLT3_4_R18523_20250303/demultiplexed/343561/343561_ATGGCGTGCCCGCTTGAAGT_S55_R1_001.fastq.gz	01_unzip_raw_data/03_unzip_highcov_F8/22YHLCLT3_4_R18523_20250303/demultiplexed/343561/343561_ATGGCGTGCCCGCTTGAAGT_S55_R2_001.fastq.gz	03_rename_fastq_files/F8_highcov/_ISC_367.2_F8highcov_11G7_run1_R1.fastq.gz	03_rename_fastq_files/F8_highcov/_ISC_367.2_F8highcov_11G7_run1_R2.fastq.gz
ISC_372.1	9399x6097_rep1	ISC_372.1_F8highcov	11A8	2024-11-04	01_unzip_raw_data/03_unzip_highcov_F8/22YHLCLT3_4_R18523_20250303/demultiplexed/343561/343561_ATGTCCAGCACAGCGGACAA_S57_R1_001.fastq.gz	01_unzip_raw_data/03_unzip_highcov_F8/22YHLCLT3_4_R18523_20250303/demultiplexed/343561/343561_ATGTCCAGCACAGCGGACAA_S57_R2_001.fastq.gz	03_rename_fastq_files/F8_highcov/_ISC_372.1_F8highcov_11A8_run1_R1.fastq.gz	03_rename_fastq_files/F8_highcov/_ISC_372.1_F8highcov_11A8_run1_R2.fastq.gz
ISC_373.2	9399x6097_rep2	ISC_373.2_F8highcov	11B8	2024-11-04	01_unzip_raw_data/03_unzip_highcov_F8/22YHLCLT3_4_R18523_20250303/demultiplexed/343561/343561_CAACGTTCGGGGATCCGCAT_S58_R1_001.fastq.gz	01_unzip_raw_data/03_unzip_highcov_F8/22YHLCLT3_4_R18523_20250303/demultiplexed/343561/343561_CAACGTTCGGGGATCCGCAT_S58_R2_001.fastq.gz	03_rename_fastq_files/F8_highcov/_ISC_373.2_F8highcov_11B8_run1_R1.fastq.gz	03_rename_fastq_files/F8_highcov/_ISC_373.2_F8highcov_11B8_run1_R2.fastq.gz
ISC_377.2	9404x9390_rep2	ISC_377.2_F8highcov	11C8	2024-11-04	01_unzip_raw_data/03_unzip_highcov_F8/22YHLCLT3_4_R18523_20250303/demultiplexed/343561/343561_GCGTATTAATTGCGGTGTTG_S59_R1_001.fastq.gz	01_unzip_raw_data/03_unzip_highcov_F8/22YHLCLT3_4_R18523_20250303/demultiplexed/343561/343561_GCGTATTAATTGCGGTGTTG_S59_R2_001.fastq.gz	03_rename_fastq_files/F8_highcov/_ISC_377.2_F8highcov_11C8_run1_R1.fastq.gz	03_rename_fastq_files/F8_highcov/_ISC_377.2_F8highcov_11C8_run1_R2.fastq.gz
ISC_382.1	9408x9352_rep1	ISC_382.1_F8highcov	11D8	2024-11-04	01_unzip_raw_data/03_unzip_highcov_F8/22YHLCLT3_4_R18523_20250303/demultiplexed/343561/343561_GTTGTGACTAACATAACGGA_S60_R1_001.fastq.gz	01_unzip_raw_data/03_unzip_highcov_F8/22YHLCLT3_4_R18523_20250303/demultiplexed/343561/343561_GTTGTGACTAACATAACGGA_S60_R2_001.fastq.gz	03_rename_fastq_files/F8_highcov/_ISC_382.1_F8highcov_11D8_run1_R1.fastq.gz	03_rename_fastq_files/F8_highcov/_ISC_382.1_F8highcov_11D8_run1_R2.fastq.gz
ISC_402.1	9450x9356_rep1	ISC_402.1_F8highcov	11E8	2024-11-04	01_unzip_raw_data/03_unzip_highcov_F8/22YHLCLT3_4_R18523_20250303/demultiplexed/343561/343561_TCTCAATACCGACGTTCGCG_S61_R1_001.fastq.gz	01_unzip_raw_data/03_unzip_highcov_F8/22YHLCLT3_4_R18523_20250303/demultiplexed/343561/343561_TCTCAATACCGACGTTCGCG_S61_R2_001.fastq.gz	03_rename_fastq_files/F8_highcov/_ISC_402.1_F8highcov_11E8_run1_R1.fastq.gz	03_rename_fastq_files/F8_highcov/_ISC_402.1_F8highcov_11E8_run1_R2.fastq.gz
ISC_403.2	9450x9356_rep2	ISC_403.2_F8highcov	11F8	2024-11-04	01_unzip_raw_data/03_unzip_highcov_F8/22YHLCLT3_4_R18523_20250303/demultiplexed/343561/343561_AAGCATCTTGCATTCAACAA_S62_R1_001.fastq.gz	01_unzip_raw_data/03_unzip_highcov_F8/22YHLCLT3_4_R18523_20250303/demultiplexed/343561/343561_AAGCATCTTGCATTCAACAA_S62_R2_001.fastq.gz	03_rename_fastq_files/F8_highcov/_ISC_403.2_F8highcov_11F8_run1_R1.fastq.gz	03_rename_fastq_files/F8_highcov/_ISC_403.2_F8highcov_11F8_run1_R2.fastq.gz
ISC_404.1	9451x9437_rep1	ISC_404.1_F8highcov	11G8	2024-11-04	01_unzip_raw_data/03_unzip_highcov_F8/22YHLCLT3_4_R18523_20250303/demultiplexed/343561/343561_TCAGTCTCGTCACGGATTAT_S63_R1_001.fastq.gz	01_unzip_raw_data/03_unzip_highcov_F8/22YHLCLT3_4_R18523_20250303/demultiplexed/343561/343561_TCAGTCTCGTCACGGATTAT_S63_R2_001.fastq.gz	03_rename_fastq_files/F8_highcov/_ISC_404.1_F8highcov_11G8_run1_R1.fastq.gz	03_rename_fastq_files/F8_highcov/_ISC_404.1_F8highcov_11G8_run1_R2.fastq.gz
ISC_405.2	9451x9437_rep2	ISC_405.2_F8highcov	11H8	2024-11-04	01_unzip_raw_data/03_unzip_highcov_F8/22YHLCLT3_4_R18523_20250303/demultiplexed/343561/343561_TGCAAGATAATTGAGGACGG_S64_R1_001.fastq.gz	01_unzip_raw_data/03_unzip_highcov_F8/22YHLCLT3_4_R18523_20250303/demultiplexed/343561/343561_TGCAAGATAATTGAGGACGG_S64_R2_001.fastq.gz	03_rename_fastq_files/F8_highcov/_ISC_405.2_F8highcov_11H8_run1_R1.fastq.gz	03_rename_fastq_files/F8_highcov/_ISC_405.2_F8highcov_11H8_run1_R2.fastq.gz
ISC_410.1	9454x1363_rep1	ISC_410.1_F8highcov	11A7	2024-11-04	01_unzip_raw_data/03_unzip_highcov_F8/22YHLCLT3_4_R18523_20250303/demultiplexed/343561/343561_TGAACGCGGACTTCGAAGGA_S49_R1_001.fastq.gz	01_unzip_raw_data/03_unzip_highcov_F8/22YHLCLT3_4_R18523_20250303/demultiplexed/343561/343561_TGAACGCGGACTTCGAAGGA_S49_R2_001.fastq.gz	03_rename_fastq_files/F8_highcov/_ISC_410.1_F8highcov_11A7_run1_R1.fastq.gz	03_rename_fastq_files/F8_highcov/_ISC_410.1_F8highcov_11A7_run1_R2.fastq.gz
ISC_412.1	9455x9371_rep1	ISC_412.1_F8highcov	11C7	2024-11-04	01_unzip_raw_data/03_unzip_highcov_F8/22YHLCLT3_4_R18523_20250303/demultiplexed/343561/343561_TTCATGGTTCGACATTGTCA_S51_R1_001.fastq.gz	01_unzip_raw_data/03_unzip_highcov_F8/22YHLCLT3_4_R18523_20250303/demultiplexed/343561/343561_TTCATGGTTCGACATTGTCA_S51_R2_001.fastq.gz	03_rename_fastq_files/F8_highcov/_ISC_412.1_F8highcov_11C7_run1_R1.fastq.gz	03_rename_fastq_files/F8_highcov/_ISC_412.1_F8highcov_11C7_run1_R2.fastq.gz
ISC_415.2	9470x6107_rep2	ISC_415.2_F8highcov	11D7	2024-11-04	01_unzip_raw_data/03_unzip_highcov_F8/22YHLCLT3_4_R18523_20250303/demultiplexed/343561/343561_ATCCTCTCAATCCGCAAGGC_S52_R1_001.fastq.gz	01_unzip_raw_data/03_unzip_highcov_F8/22YHLCLT3_4_R18523_20250303/demultiplexed/343561/343561_ATCCTCTCAATCCGCAAGGC_S52_R2_001.fastq.gz	03_rename_fastq_files/F8_highcov/_ISC_415.2_F8highcov_11D7_run1_R1.fastq.gz	03_rename_fastq_files/F8_highcov/_ISC_415.2_F8highcov_11D7_run1_R2.fastq.gz
ISC_424.1	992x9332_rep1	ISC_424.1_F8highcov	11E7	2024-11-04	01_unzip_raw_data/03_unzip_highcov_F8/22YHLCLT3_4_R18523_20250303/demultiplexed/343561/343561_CACTAGACCAACTGCCTTAT_S53_R1_001.fastq.gz	01_unzip_raw_data/03_unzip_highcov_F8/22YHLCLT3_4_R18523_20250303/demultiplexed/343561/343561_CACTAGACCAACTGCCTTAT_S53_R2_001.fastq.gz	03_rename_fastq_files/F8_highcov/_ISC_424.1_F8highcov_11E7_run1_R1.fastq.gz	03_rename_fastq_files/F8_highcov/_ISC_424.1_F8highcov_11E7_run1_R2.fastq.gz
ISC_425.2	992x9332_rep2	ISC_425.2_F8highcov	11F7	2024-11-04	01_unzip_raw_data/03_unzip_highcov_F8/22YHLCLT3_4_R18523_20250303/demultiplexed/343561/343561_ATTATCCACTTACGCACGTA_S54_R1_001.fastq.gz	01_unzip_raw_data/03_unzip_highcov_F8/22YHLCLT3_4_R18523_20250303/demultiplexed/343561/343561_ATTATCCACTTACGCACGTA_S54_R2_001.fastq.gz	03_rename_fastq_files/F8_highcov/_ISC_425.2_F8highcov_11F7_run1_R1.fastq.gz	03_rename_fastq_files/F8_highcov/_ISC_425.2_F8highcov_11F7_run1_R2.fastq.gz
