study	plate	row	col	directory	ISCplant	id	sample_alias	base_name	pooled	instrument model	collection date	index1	index2	combined_indices	target_fastq_R1	target_fastq_R2	source_fastq_R1	source_fastq_R2
PRJEB123735	2024-011	A	6	343561	ISCplant1	1074	1074_ISCplant1	1074_ISCplant1_2024-011_A6_run1	unpooled	Illumina NovaSeq X	2025-03-03	TACAAGACTT	CAGGTGTTCA	TACAAGACTTCAGGTGTTCA	03_rename_fastq_files/parents/1074_ISCplant1_2024-011_A6_run1_R1.fastq.gz	03_rename_fastq_files/parents/1074_ISCplant1_2024-011_A6_run1_R2.fastq.gz	01_unzip_raw_data/01_unzip_parents/plate_directories/343561/343561_TACAAGACTTCAGGTGTTCA_S41_R1_001.fastq.gz	01_unzip_raw_data/01_unzip_parents/plate_directories/343561/343561_TACAAGACTTCAGGTGTTCA_S41_R2_001.fastq.gz
PRJEB123735	2025-033	G	4	369397	ISCplant1	6199	6199_ISCplant1	6199_ISCplant1_2025-033_G4_run1	unpooled	Illumina NovaSeq X	2025-11-06	GCTGACGTTG	TGTTCGCATT	GCTGACGTTGTGTTCGCATT	03_rename_fastq_files/parents/6199_ISCplant1_2025-033_G4_run1_R1.fastq.gz	03_rename_fastq_files/parents/6199_ISCplant1_2025-033_G4_run1_R2.fastq.gz	01_unzip_raw_data/01_unzip_parents/plate_directories/369397/369397_GCTGACGTTGTGTTCGCATT_S127_R1_001.fastq.gz	01_unzip_raw_data/01_unzip_parents/plate_directories/369397/369397_GCTGACGTTGTGTTCGCATT_S127_R2_001.fastq.gz
PRJEB123735	2025-033	H	4	369397	ISCplant1	6199	6199_ISCplant1	6199_ISCplant1_2025-033_H4_run1	unpooled	Illumina NovaSeq X	2025-11-06	CTAATAACCG	AACCGCATCG	CTAATAACCGAACCGCATCG	03_rename_fastq_files/parents/6199_ISCplant1_2025-033_H4_run1_R1.fastq.gz	03_rename_fastq_files/parents/6199_ISCplant1_2025-033_H4_run1_R2.fastq.gz	01_unzip_raw_data/01_unzip_parents/plate_directories/369397/369397_CTAATAACCGAACCGCATCG_S128_R1_001.fastq.gz	01_unzip_raw_data/01_unzip_parents/plate_directories/369397/369397_CTAATAACCGAACCGCATCG_S128_R2_001.fastq.gz
PRJEB123735	2025-033	A	5	369397	ISCplant1	6199	6199_ISCplant1	6199_ISCplant1_2025-033_A5_run1	unpooled	Illumina NovaSeq X	2025-11-06	TCTAGGCGCG	CGAAGGTTAA	TCTAGGCGCGCGAAGGTTAA	03_rename_fastq_files/parents/6199_ISCplant1_2025-033_A5_run1_R1.fastq.gz	03_rename_fastq_files/parents/6199_ISCplant1_2025-033_A5_run1_R2.fastq.gz	01_unzip_raw_data/01_unzip_parents/plate_directories/369397/369397_TCTAGGCGCGCGAAGGTTAA_S129_R1_001.fastq.gz	01_unzip_raw_data/01_unzip_parents/plate_directories/369397/369397_TCTAGGCGCGCGAAGGTTAA_S129_R2_001.fastq.gz
PRJEB123735	2025-033	B	5	369397	ISCplant1	6199	6199_ISCplant1	6199_ISCplant1_2025-033_B5_run1	unpooled	Illumina NovaSeq X	2025-11-06	ATAGCCAAGA	AGTGCCACTG	ATAGCCAAGAAGTGCCACTG	03_rename_fastq_files/parents/6199_ISCplant1_2025-033_B5_run1_R1.fastq.gz	03_rename_fastq_files/parents/6199_ISCplant1_2025-033_B5_run1_R2.fastq.gz	01_unzip_raw_data/01_unzip_parents/plate_directories/369397/369397_ATAGCCAAGAAGTGCCACTG_S130_R1_001.fastq.gz	01_unzip_raw_data/01_unzip_parents/plate_directories/369397/369397_ATAGCCAAGAAGTGCCACTG_S130_R2_001.fastq.gz
PRJEB123735	2025-033	C	5	369397	ISCplant1	6199	6199_ISCplant1	6199_ISCplant1_2025-033_C5_run1	unpooled	Illumina NovaSeq X	2025-11-06	TTCGGTGTGA	GAACAAGTAT	TTCGGTGTGAGAACAAGTAT	03_rename_fastq_files/parents/6199_ISCplant1_2025-033_C5_run1_R1.fastq.gz	03_rename_fastq_files/parents/6199_ISCplant1_2025-033_C5_run1_R2.fastq.gz	01_unzip_raw_data/01_unzip_parents/plate_directories/369397/369397_TTCGGTGTGAGAACAAGTAT_S131_R1_001.fastq.gz	01_unzip_raw_data/01_unzip_parents/plate_directories/369397/369397_TTCGGTGTGAGAACAAGTAT_S131_R2_001.fastq.gz
PRJEB123735	2025-033	D	5	369397	ISCplant1	6199	6199_ISCplant1	6199_ISCplant1_2025-033_D5_run1	unpooled	Illumina NovaSeq X	2025-11-06	ATGTAACGTT	ACGATTGCTG	ATGTAACGTTACGATTGCTG	03_rename_fastq_files/parents/6199_ISCplant1_2025-033_D5_run1_R1.fastq.gz	03_rename_fastq_files/parents/6199_ISCplant1_2025-033_D5_run1_R2.fastq.gz	01_unzip_raw_data/01_unzip_parents/plate_directories/369397/369397_ATGTAACGTTACGATTGCTG_S132_R1_001.fastq.gz	01_unzip_raw_data/01_unzip_parents/plate_directories/369397/369397_ATGTAACGTTACGATTGCTG_S132_R2_001.fastq.gz
PRJEB123735	2025-033	E	5	369397	ISCplant1	992	992_ISCplant1	992_ISCplant1_2025-033_E5_run1	unpooled	Illumina NovaSeq X	2025-11-06	AACGAGGCCG	ATACCTGGAT	AACGAGGCCGATACCTGGAT	03_rename_fastq_files/parents/992_ISCplant1_2025-033_E5_run1_R1.fastq.gz	03_rename_fastq_files/parents/992_ISCplant1_2025-033_E5_run1_R2.fastq.gz	01_unzip_raw_data/01_unzip_parents/plate_directories/369397/369397_AACGAGGCCGATACCTGGAT_S133_R1_001.fastq.gz	01_unzip_raw_data/01_unzip_parents/plate_directories/369397/369397_AACGAGGCCGATACCTGGAT_S133_R2_001.fastq.gz
PRJEB123735	2025-033	F	5	369397	ISCplant1	992	992_ISCplant1	992_ISCplant1_2025-033_F5_run1	unpooled	Illumina NovaSeq X	2025-11-06	TGGTGTTATG	TCCAATTCTA	TGGTGTTATGTCCAATTCTA	03_rename_fastq_files/parents/992_ISCplant1_2025-033_F5_run1_R1.fastq.gz	03_rename_fastq_files/parents/992_ISCplant1_2025-033_F5_run1_R2.fastq.gz	01_unzip_raw_data/01_unzip_parents/plate_directories/369397/369397_TGGTGTTATGTCCAATTCTA_S134_R1_001.fastq.gz	01_unzip_raw_data/01_unzip_parents/plate_directories/369397/369397_TGGTGTTATGTCCAATTCTA_S134_R2_001.fastq.gz
PRJEB123735	2025-033	G	5	369397	ISCplant1	992	992_ISCplant1	992_ISCplant1_2025-033_G5_run1	unpooled	Illumina NovaSeq X	2025-11-06	TGGCCTCTGT	TGAGACAGCG	TGGCCTCTGTTGAGACAGCG	03_rename_fastq_files/parents/992_ISCplant1_2025-033_G5_run1_R1.fastq.gz	03_rename_fastq_files/parents/992_ISCplant1_2025-033_G5_run1_R2.fastq.gz	01_unzip_raw_data/01_unzip_parents/plate_directories/369397/369397_TGGCCTCTGTTGAGACAGCG_S135_R1_001.fastq.gz	01_unzip_raw_data/01_unzip_parents/plate_directories/369397/369397_TGGCCTCTGTTGAGACAGCG_S135_R2_001.fastq.gz
PRJEB123735	2025-033	H	5	369397	ISCplant1	992	992_ISCplant1	992_ISCplant1_2025-033_H5_run1	unpooled	Illumina NovaSeq X	2025-11-06	CCAGGCACCA	ACGCTAATTA	CCAGGCACCAACGCTAATTA	03_rename_fastq_files/parents/992_ISCplant1_2025-033_H5_run1_R1.fastq.gz	03_rename_fastq_files/parents/992_ISCplant1_2025-033_H5_run1_R2.fastq.gz	01_unzip_raw_data/01_unzip_parents/plate_directories/369397/369397_CCAGGCACCAACGCTAATTA_S136_R1_001.fastq.gz	01_unzip_raw_data/01_unzip_parents/plate_directories/369397/369397_CCAGGCACCAACGCTAATTA_S136_R2_001.fastq.gz
PRJEB123735	2025-033	A	6	369397	ISCplant1	992	992_ISCplant1	992_ISCplant1_2025-033_A6_run1	unpooled	Illumina NovaSeq X	2025-11-06	CCGGTTCCTA	TATATTCGAG	CCGGTTCCTATATATTCGAG	03_rename_fastq_files/parents/992_ISCplant1_2025-033_A6_run1_R1.fastq.gz	03_rename_fastq_files/parents/992_ISCplant1_2025-033_A6_run1_R2.fastq.gz	01_unzip_raw_data/01_unzip_parents/plate_directories/369397/369397_CCGGTTCCTATATATTCGAG_S137_R1_001.fastq.gz	01_unzip_raw_data/01_unzip_parents/plate_directories/369397/369397_CCGGTTCCTATATATTCGAG_S137_R2_001.fastq.gz
PRJEB123735	2025-033	B	6	369397	ISCplant1	992	992_ISCplant1	992_ISCplant1_2025-033_B6_run1	unpooled	Illumina NovaSeq X	2025-11-06	GGCCAATATT	CGGTCCGATA	GGCCAATATTCGGTCCGATA	03_rename_fastq_files/parents/992_ISCplant1_2025-033_B6_run1_R1.fastq.gz	03_rename_fastq_files/parents/992_ISCplant1_2025-033_B6_run1_R2.fastq.gz	01_unzip_raw_data/01_unzip_parents/plate_directories/369397/369397_GGCCAATATTCGGTCCGATA_S138_R1_001.fastq.gz	01_unzip_raw_data/01_unzip_parents/plate_directories/369397/369397_GGCCAATATTCGGTCCGATA_S138_R2_001.fastq.gz
PRJEB123735	2025-033	C	6	369397	ISCplant1	992	992_ISCplant1	992_ISCplant1_2025-033_C6_run1	unpooled	Illumina NovaSeq X	2025-11-06	GAATACCTAT	ACAATAGAGT	GAATACCTATACAATAGAGT	03_rename_fastq_files/parents/992_ISCplant1_2025-033_C6_run1_R1.fastq.gz	03_rename_fastq_files/parents/992_ISCplant1_2025-033_C6_run1_R2.fastq.gz	01_unzip_raw_data/01_unzip_parents/plate_directories/369397/369397_GAATACCTATACAATAGAGT_S139_R1_001.fastq.gz	01_unzip_raw_data/01_unzip_parents/plate_directories/369397/369397_GAATACCTATACAATAGAGT_S139_R2_001.fastq.gz
PRJEB123735	2025-033	D	6	369397	ISCplant1	992	992_ISCplant1	992_ISCplant1_2025-033_D6_run1	unpooled	Illumina NovaSeq X	2025-11-06	TACGTGAAGG	CGGTTATTAG	TACGTGAAGGCGGTTATTAG	03_rename_fastq_files/parents/992_ISCplant1_2025-033_D6_run1_R1.fastq.gz	03_rename_fastq_files/parents/992_ISCplant1_2025-033_D6_run1_R2.fastq.gz	01_unzip_raw_data/01_unzip_parents/plate_directories/369397/369397_TACGTGAAGGCGGTTATTAG_S140_R1_001.fastq.gz	01_unzip_raw_data/01_unzip_parents/plate_directories/369397/369397_TACGTGAAGGCGGTTATTAG_S140_R2_001.fastq.gz
PRJEB123735	2025-033	E	6	369397	ISCplant1	1318	1318_ISCplant1	1318_ISCplant1_2025-033_E6_run1	unpooled	Illumina NovaSeq X	2025-11-06	CTTATTGGCC	GATAACAAGT	CTTATTGGCCGATAACAAGT	03_rename_fastq_files/parents/1318_ISCplant1_2025-033_E6_run1_R1.fastq.gz	03_rename_fastq_files/parents/1318_ISCplant1_2025-033_E6_run1_R2.fastq.gz	01_unzip_raw_data/01_unzip_parents/plate_directories/369397/369397_CTTATTGGCCGATAACAAGT_S141_R1_001.fastq.gz	01_unzip_raw_data/01_unzip_parents/plate_directories/369397/369397_CTTATTGGCCGATAACAAGT_S141_R2_001.fastq.gz
PRJEB123735	2025-033	F	6	369397	ISCplant1	1318	1318_ISCplant1	1318_ISCplant1_2025-033_F6_run1	unpooled	Illumina NovaSeq X	2025-11-06	ACAACTACTG	AGTTATCACA	ACAACTACTGAGTTATCACA	03_rename_fastq_files/parents/1318_ISCplant1_2025-033_F6_run1_R1.fastq.gz	03_rename_fastq_files/parents/1318_ISCplant1_2025-033_F6_run1_R2.fastq.gz	01_unzip_raw_data/01_unzip_parents/plate_directories/369397/369397_ACAACTACTGAGTTATCACA_S142_R1_001.fastq.gz	01_unzip_raw_data/01_unzip_parents/plate_directories/369397/369397_ACAACTACTGAGTTATCACA_S142_R2_001.fastq.gz
PRJEB123735	2025-033	G	6	369397	ISCplant1	1318	1318_ISCplant1	1318_ISCplant1_2025-033_G6_run1	unpooled	Illumina NovaSeq X	2025-11-06	GTTGGATGAA	TTCCAGGTAA	GTTGGATGAATTCCAGGTAA	03_rename_fastq_files/parents/1318_ISCplant1_2025-033_G6_run1_R1.fastq.gz	03_rename_fastq_files/parents/1318_ISCplant1_2025-033_G6_run1_R2.fastq.gz	01_unzip_raw_data/01_unzip_parents/plate_directories/369397/369397_GTTGGATGAATTCCAGGTAA_S143_R1_001.fastq.gz	01_unzip_raw_data/01_unzip_parents/plate_directories/369397/369397_GTTGGATGAATTCCAGGTAA_S143_R2_001.fastq.gz
PRJEB123735	2025-033	H	6	369397	ISCplant1	1318	1318_ISCplant1	1318_ISCplant1_2025-033_H6_run1	unpooled	Illumina NovaSeq X	2025-11-06	AATCCAATTG	CATGTAGAGG	AATCCAATTGCATGTAGAGG	03_rename_fastq_files/parents/1318_ISCplant1_2025-033_H6_run1_R1.fastq.gz	03_rename_fastq_files/parents/1318_ISCplant1_2025-033_H6_run1_R2.fastq.gz	01_unzip_raw_data/01_unzip_parents/plate_directories/369397/369397_AATCCAATTGCATGTAGAGG_S144_R1_001.fastq.gz	01_unzip_raw_data/01_unzip_parents/plate_directories/369397/369397_AATCCAATTGCATGTAGAGG_S144_R2_001.fastq.gz
PRJEB123735	2025-033	A	7	369397	ISCplant1	1318	1318_ISCplant1	1318_ISCplant1_2025-033_A7_run1	unpooled	Illumina NovaSeq X	2025-11-06	TATGATGGCC	GATTGTCATA	TATGATGGCCGATTGTCATA	03_rename_fastq_files/parents/1318_ISCplant1_2025-033_A7_run1_R1.fastq.gz	03_rename_fastq_files/parents/1318_ISCplant1_2025-033_A7_run1_R2.fastq.gz	01_unzip_raw_data/01_unzip_parents/plate_directories/369397/369397_TATGATGGCCGATTGTCATA_S145_R1_001.fastq.gz	01_unzip_raw_data/01_unzip_parents/plate_directories/369397/369397_TATGATGGCCGATTGTCATA_S145_R2_001.fastq.gz
PRJEB123735	2025-033	B	7	369397	ISCplant1	1318	1318_ISCplant1	1318_ISCplant1_2025-033_B7_run1	unpooled	Illumina NovaSeq X	2025-11-06	CGCAGCAATT	ATTCCGCTAT	CGCAGCAATTATTCCGCTAT	03_rename_fastq_files/parents/1318_ISCplant1_2025-033_B7_run1_R1.fastq.gz	03_rename_fastq_files/parents/1318_ISCplant1_2025-033_B7_run1_R2.fastq.gz	01_unzip_raw_data/01_unzip_parents/plate_directories/369397/369397_CGCAGCAATTATTCCGCTAT_S146_R1_001.fastq.gz	01_unzip_raw_data/01_unzip_parents/plate_directories/369397/369397_CGCAGCAATTATTCCGCTAT_S146_R2_001.fastq.gz
PRJEB123735	2025-033	C	7	369397	ISCplant1	1318	1318_ISCplant1	1318_ISCplant1_2025-033_C7_run1	unpooled	Illumina NovaSeq X	2025-11-06	ACGTTCCTTA	GACCGCTGTG	ACGTTCCTTAGACCGCTGTG	03_rename_fastq_files/parents/1318_ISCplant1_2025-033_C7_run1_R1.fastq.gz	03_rename_fastq_files/parents/1318_ISCplant1_2025-033_C7_run1_R2.fastq.gz	01_unzip_raw_data/01_unzip_parents/plate_directories/369397/369397_ACGTTCCTTAGACCGCTGTG_S147_R1_001.fastq.gz	01_unzip_raw_data/01_unzip_parents/plate_directories/369397/369397_ACGTTCCTTAGACCGCTGTG_S147_R2_001.fastq.gz
PRJEB123735	2025-033	D	7	369397	ISCplant1	1318	1318_ISCplant1	1318_ISCplant1_2025-033_D7_run1	unpooled	Illumina NovaSeq X	2025-11-06	CCGCGTATAG	TAGGAACCGG	CCGCGTATAGTAGGAACCGG	03_rename_fastq_files/parents/1318_ISCplant1_2025-033_D7_run1_R1.fastq.gz	03_rename_fastq_files/parents/1318_ISCplant1_2025-033_D7_run1_R2.fastq.gz	01_unzip_raw_data/01_unzip_parents/plate_directories/369397/369397_CCGCGTATAGTAGGAACCGG_S148_R1_001.fastq.gz	01_unzip_raw_data/01_unzip_parents/plate_directories/369397/369397_CCGCGTATAGTAGGAACCGG_S148_R2_001.fastq.gz
PRJEB123735	2025-033	E	7	369397	ISCplant1	9399	9399_ISCplant1	9399_ISCplant1_2025-033_E7_run1	unpooled	Illumina NovaSeq X	2025-11-06	GATTCTGAAT	AGCGGTGGAC	GATTCTGAATAGCGGTGGAC	03_rename_fastq_files/parents/9399_ISCplant1_2025-033_E7_run1_R1.fastq.gz	03_rename_fastq_files/parents/9399_ISCplant1_2025-033_E7_run1_R2.fastq.gz	01_unzip_raw_data/01_unzip_parents/plate_directories/369397/369397_GATTCTGAATAGCGGTGGAC_S149_R1_001.fastq.gz	01_unzip_raw_data/01_unzip_parents/plate_directories/369397/369397_GATTCTGAATAGCGGTGGAC_S149_R2_001.fastq.gz
PRJEB123735	2025-033	F	7	369397	ISCplant1	9399	9399_ISCplant1	9399_ISCplant1_2025-033_F7_run1	unpooled	Illumina NovaSeq X	2025-11-06	TAGAGAATAC	TATAGATTCG	TAGAGAATACTATAGATTCG	03_rename_fastq_files/parents/9399_ISCplant1_2025-033_F7_run1_R1.fastq.gz	03_rename_fastq_files/parents/9399_ISCplant1_2025-033_F7_run1_R2.fastq.gz	01_unzip_raw_data/01_unzip_parents/plate_directories/369397/369397_TAGAGAATACTATAGATTCG_S150_R1_001.fastq.gz	01_unzip_raw_data/01_unzip_parents/plate_directories/369397/369397_TAGAGAATACTATAGATTCG_S150_R2_001.fastq.gz
PRJEB123735	2025-033	G	7	369397	ISCplant1	9399	9399_ISCplant1	9399_ISCplant1_2025-033_G7_run1	unpooled	Illumina NovaSeq X	2025-11-06	TTGTATCAGG	ACAGAGGCCA	TTGTATCAGGACAGAGGCCA	03_rename_fastq_files/parents/9399_ISCplant1_2025-033_G7_run1_R1.fastq.gz	03_rename_fastq_files/parents/9399_ISCplant1_2025-033_G7_run1_R2.fastq.gz	01_unzip_raw_data/01_unzip_parents/plate_directories/369397/369397_TTGTATCAGGACAGAGGCCA_S151_R1_001.fastq.gz	01_unzip_raw_data/01_unzip_parents/plate_directories/369397/369397_TTGTATCAGGACAGAGGCCA_S151_R2_001.fastq.gz
PRJEB123735	2025-033	H	7	369397	ISCplant1	9399	9399_ISCplant1	9399_ISCplant1_2025-033_H7_run1	unpooled	Illumina NovaSeq X	2025-11-06	CACAGCGGTC	ATTCCTATTG	CACAGCGGTCATTCCTATTG	03_rename_fastq_files/parents/9399_ISCplant1_2025-033_H7_run1_R1.fastq.gz	03_rename_fastq_files/parents/9399_ISCplant1_2025-033_H7_run1_R2.fastq.gz	01_unzip_raw_data/01_unzip_parents/plate_directories/369397/369397_CACAGCGGTCATTCCTATTG_S152_R1_001.fastq.gz	01_unzip_raw_data/01_unzip_parents/plate_directories/369397/369397_CACAGCGGTCATTCCTATTG_S152_R2_001.fastq.gz
PRJEB123735	2025-033	A	8	369397	ISCplant1	9399	9399_ISCplant1	9399_ISCplant1_2025-033_A8_run1	unpooled	Illumina NovaSeq X	2025-11-06	CCACGCTGAA	TATTCCTCAG	CCACGCTGAATATTCCTCAG	03_rename_fastq_files/parents/9399_ISCplant1_2025-033_A8_run1_R1.fastq.gz	03_rename_fastq_files/parents/9399_ISCplant1_2025-033_A8_run1_R2.fastq.gz	01_unzip_raw_data/01_unzip_parents/plate_directories/369397/369397_CCACGCTGAATATTCCTCAG_S153_R1_001.fastq.gz	01_unzip_raw_data/01_unzip_parents/plate_directories/369397/369397_CCACGCTGAATATTCCTCAG_S153_R2_001.fastq.gz
PRJEB123735	2025-033	B	8	369397	ISCplant1	9399	9399_ISCplant1	9399_ISCplant1_2025-033_B8_run1	unpooled	Illumina NovaSeq X	2025-11-06	GTTCGGAGTT	CGCCTTCTGA	GTTCGGAGTTCGCCTTCTGA	03_rename_fastq_files/parents/9399_ISCplant1_2025-033_B8_run1_R1.fastq.gz	03_rename_fastq_files/parents/9399_ISCplant1_2025-033_B8_run1_R2.fastq.gz	01_unzip_raw_data/01_unzip_parents/plate_directories/369397/369397_GTTCGGAGTTCGCCTTCTGA_S154_R1_001.fastq.gz	01_unzip_raw_data/01_unzip_parents/plate_directories/369397/369397_GTTCGGAGTTCGCCTTCTGA_S154_R2_001.fastq.gz
PRJEB123735	2025-033	C	8	369397	ISCplant1	9399	9399_ISCplant1	9399_ISCplant1_2025-033_C8_run1	unpooled	Illumina NovaSeq X	2025-11-06	ATAGCGGAAT	GCGCAGAGTA	ATAGCGGAATGCGCAGAGTA	03_rename_fastq_files/parents/9399_ISCplant1_2025-033_C8_run1_R1.fastq.gz	03_rename_fastq_files/parents/9399_ISCplant1_2025-033_C8_run1_R2.fastq.gz	01_unzip_raw_data/01_unzip_parents/plate_directories/369397/369397_ATAGCGGAATGCGCAGAGTA_S155_R1_001.fastq.gz	01_unzip_raw_data/01_unzip_parents/plate_directories/369397/369397_ATAGCGGAATGCGCAGAGTA_S155_R2_001.fastq.gz
PRJEB123735	2025-033	D	8	369397	ISCplant1	9399	9399_ISCplant1	9399_ISCplant1_2025-033_D8_run1	unpooled	Illumina NovaSeq X	2025-11-06	GCAATATTCA	GGCGCCAATT	GCAATATTCAGGCGCCAATT	03_rename_fastq_files/parents/9399_ISCplant1_2025-033_D8_run1_R1.fastq.gz	03_rename_fastq_files/parents/9399_ISCplant1_2025-033_D8_run1_R2.fastq.gz	01_unzip_raw_data/01_unzip_parents/plate_directories/369397/369397_GCAATATTCAGGCGCCAATT_S156_R1_001.fastq.gz	01_unzip_raw_data/01_unzip_parents/plate_directories/369397/369397_GCAATATTCAGGCGCCAATT_S156_R2_001.fastq.gz
PRJEB123735	2025-033	E	8	369397	ISCplant2	1318	1318_ISCplant2	1318_ISCplant2_2025-033_E8_run1	unpooled	Illumina NovaSeq X	2025-11-06	CTAGATTGCG	AGATATGGCG	CTAGATTGCGAGATATGGCG	03_rename_fastq_files/parents/1318_ISCplant2_2025-033_E8_run1_R1.fastq.gz	03_rename_fastq_files/parents/1318_ISCplant2_2025-033_E8_run1_R2.fastq.gz	01_unzip_raw_data/01_unzip_parents/plate_directories/369397/369397_CTAGATTGCGAGATATGGCG_S157_R1_001.fastq.gz	01_unzip_raw_data/01_unzip_parents/plate_directories/369397/369397_CTAGATTGCGAGATATGGCG_S157_R2_001.fastq.gz
PRJEB123735	2025-033	F	8	369397	ISCplant2	1318	1318_ISCplant2	1318_ISCplant2_2025-033_F8_run1	unpooled	Illumina NovaSeq X	2025-11-06	CGATGCGGTT	CCTGCTTGGT	CGATGCGGTTCCTGCTTGGT	03_rename_fastq_files/parents/1318_ISCplant2_2025-033_F8_run1_R1.fastq.gz	03_rename_fastq_files/parents/1318_ISCplant2_2025-033_F8_run1_R2.fastq.gz	01_unzip_raw_data/01_unzip_parents/plate_directories/369397/369397_CGATGCGGTTCCTGCTTGGT_S158_R1_001.fastq.gz	01_unzip_raw_data/01_unzip_parents/plate_directories/369397/369397_CGATGCGGTTCCTGCTTGGT_S158_R2_001.fastq.gz
PRJEB123735	2025-033	G	8	369397	ISCplant2	1318	1318_ISCplant2	1318_ISCplant2_2025-033_G8_run1	unpooled	Illumina NovaSeq X	2025-11-06	TCCGGACTAG	GACGAACAAT	TCCGGACTAGGACGAACAAT	03_rename_fastq_files/parents/1318_ISCplant2_2025-033_G8_run1_R1.fastq.gz	03_rename_fastq_files/parents/1318_ISCplant2_2025-033_G8_run1_R2.fastq.gz	01_unzip_raw_data/01_unzip_parents/plate_directories/369397/369397_TCCGGACTAGGACGAACAAT_S159_R1_001.fastq.gz	01_unzip_raw_data/01_unzip_parents/plate_directories/369397/369397_TCCGGACTAGGACGAACAAT_S159_R2_001.fastq.gz
PRJEB123735	2025-033	H	8	369397	ISCplant2	1318	1318_ISCplant2	1318_ISCplant2_2025-033_H8_run1	unpooled	Illumina NovaSeq X	2025-11-06	GTGACGGAGC	TGGCGGTCCA	GTGACGGAGCTGGCGGTCCA	03_rename_fastq_files/parents/1318_ISCplant2_2025-033_H8_run1_R1.fastq.gz	03_rename_fastq_files/parents/1318_ISCplant2_2025-033_H8_run1_R2.fastq.gz	01_unzip_raw_data/01_unzip_parents/plate_directories/369397/369397_GTGACGGAGCTGGCGGTCCA_S160_R1_001.fastq.gz	01_unzip_raw_data/01_unzip_parents/plate_directories/369397/369397_GTGACGGAGCTGGCGGTCCA_S160_R2_001.fastq.gz
PRJEB123735	2025-033	A	9	369397	ISCplant2	1318	1318_ISCplant2	1318_ISCplant2_2025-033_A9_run1	unpooled	Illumina NovaSeq X	2025-11-06	AATTCCATCT	CTTCAGTTAC	AATTCCATCTCTTCAGTTAC	03_rename_fastq_files/parents/1318_ISCplant2_2025-033_A9_run1_R1.fastq.gz	03_rename_fastq_files/parents/1318_ISCplant2_2025-033_A9_run1_R2.fastq.gz	01_unzip_raw_data/01_unzip_parents/plate_directories/369397/369397_AATTCCATCTCTTCAGTTAC_S161_R1_001.fastq.gz	01_unzip_raw_data/01_unzip_parents/plate_directories/369397/369397_AATTCCATCTCTTCAGTTAC_S161_R2_001.fastq.gz
PRJEB123735	2025-033	B	9	369397	ISCplant2	1318	1318_ISCplant2	1318_ISCplant2_2025-033_B9_run1	unpooled	Illumina NovaSeq X	2025-11-06	TTAACGGTGT	TCCTGACCGT	TTAACGGTGTTCCTGACCGT	03_rename_fastq_files/parents/1318_ISCplant2_2025-033_B9_run1_R1.fastq.gz	03_rename_fastq_files/parents/1318_ISCplant2_2025-033_B9_run1_R2.fastq.gz	01_unzip_raw_data/01_unzip_parents/plate_directories/369397/369397_TTAACGGTGTTCCTGACCGT_S162_R1_001.fastq.gz	01_unzip_raw_data/01_unzip_parents/plate_directories/369397/369397_TTAACGGTGTTCCTGACCGT_S162_R2_001.fastq.gz
PRJEB123735	2025-033	C	9	369397	ISCplant2	1318	1318_ISCplant2	1318_ISCplant2_2025-033_C9_run1	unpooled	Illumina NovaSeq X	2025-11-06	ACTTGTTATC	CGCGCCTAGA	ACTTGTTATCCGCGCCTAGA	03_rename_fastq_files/parents/1318_ISCplant2_2025-033_C9_run1_R1.fastq.gz	03_rename_fastq_files/parents/1318_ISCplant2_2025-033_C9_run1_R2.fastq.gz	01_unzip_raw_data/01_unzip_parents/plate_directories/369397/369397_ACTTGTTATCCGCGCCTAGA_S163_R1_001.fastq.gz	01_unzip_raw_data/01_unzip_parents/plate_directories/369397/369397_ACTTGTTATCCGCGCCTAGA_S163_R2_001.fastq.gz
PRJEB123735	2025-033	D	9	369397	ISCplant2	1318	1318_ISCplant2	1318_ISCplant2_2025-033_D9_run1	unpooled	Illumina NovaSeq X	2025-11-06	CGTGTACCAG	AGGATAAGTT	CGTGTACCAGAGGATAAGTT	03_rename_fastq_files/parents/1318_ISCplant2_2025-033_D9_run1_R1.fastq.gz	03_rename_fastq_files/parents/1318_ISCplant2_2025-033_D9_run1_R2.fastq.gz	01_unzip_raw_data/01_unzip_parents/plate_directories/369397/369397_CGTGTACCAGAGGATAAGTT_S164_R1_001.fastq.gz	01_unzip_raw_data/01_unzip_parents/plate_directories/369397/369397_CGTGTACCAGAGGATAAGTT_S164_R2_001.fastq.gz
PRJEB123735	2025-033	E	9	369397	ISCplant1	6043	6043_ISCplant1	6043_ISCplant1_2025-033_E9_run1	unpooled	Illumina NovaSeq X	2025-11-06	TTAACCTTCG	AGGCCAGACA	TTAACCTTCGAGGCCAGACA	03_rename_fastq_files/parents/6043_ISCplant1_2025-033_E9_run1_R1.fastq.gz	03_rename_fastq_files/parents/6043_ISCplant1_2025-033_E9_run1_R2.fastq.gz	01_unzip_raw_data/01_unzip_parents/plate_directories/369397/369397_TTAACCTTCGAGGCCAGACA_S165_R1_001.fastq.gz	01_unzip_raw_data/01_unzip_parents/plate_directories/369397/369397_TTAACCTTCGAGGCCAGACA_S165_R2_001.fastq.gz
PRJEB123735	2025-033	F	9	369397	ISCplant1	6043	6043_ISCplant1	6043_ISCplant1_2025-033_F9_run1	unpooled	Illumina NovaSeq X	2025-11-06	CATATGCGAT	CCTTGAACGG	CATATGCGATCCTTGAACGG	03_rename_fastq_files/parents/6043_ISCplant1_2025-033_F9_run1_R1.fastq.gz	03_rename_fastq_files/parents/6043_ISCplant1_2025-033_F9_run1_R2.fastq.gz	01_unzip_raw_data/01_unzip_parents/plate_directories/369397/369397_CATATGCGATCCTTGAACGG_S166_R1_001.fastq.gz	01_unzip_raw_data/01_unzip_parents/plate_directories/369397/369397_CATATGCGATCCTTGAACGG_S166_R2_001.fastq.gz
PRJEB123735	2025-033	G	9	369397	ISCplant1	6043	6043_ISCplant1	6043_ISCplant1_2025-033_G9_run1	unpooled	Illumina NovaSeq X	2025-11-06	AGCCTATGAT	CACCACCTAC	AGCCTATGATCACCACCTAC	03_rename_fastq_files/parents/6043_ISCplant1_2025-033_G9_run1_R1.fastq.gz	03_rename_fastq_files/parents/6043_ISCplant1_2025-033_G9_run1_R2.fastq.gz	01_unzip_raw_data/01_unzip_parents/plate_directories/369397/369397_AGCCTATGATCACCACCTAC_S167_R1_001.fastq.gz	01_unzip_raw_data/01_unzip_parents/plate_directories/369397/369397_AGCCTATGATCACCACCTAC_S167_R2_001.fastq.gz
PRJEB123735	2025-033	H	9	369397	ISCplant1	6043	6043_ISCplant1	6043_ISCplant1_2025-033_H9_run1	unpooled	Illumina NovaSeq X	2025-11-06	TATGACAATC	TTGCTTGTAT	TATGACAATCTTGCTTGTAT	03_rename_fastq_files/parents/6043_ISCplant1_2025-033_H9_run1_R1.fastq.gz	03_rename_fastq_files/parents/6043_ISCplant1_2025-033_H9_run1_R2.fastq.gz	01_unzip_raw_data/01_unzip_parents/plate_directories/369397/369397_TATGACAATCTTGCTTGTAT_S168_R1_001.fastq.gz	01_unzip_raw_data/01_unzip_parents/plate_directories/369397/369397_TATGACAATCTTGCTTGTAT_S168_R2_001.fastq.gz
PRJEB123735	2025-033	A	10	369397	ISCplant1	6043	6043_ISCplant1	6043_ISCplant1_2025-033_A10_run1	unpooled	Illumina NovaSeq X	2025-11-06	ATGTTGTTGG	CAATCTATGA	ATGTTGTTGGCAATCTATGA	03_rename_fastq_files/parents/6043_ISCplant1_2025-033_A10_run1_R1.fastq.gz	03_rename_fastq_files/parents/6043_ISCplant1_2025-033_A10_run1_R2.fastq.gz	01_unzip_raw_data/01_unzip_parents/plate_directories/369397/369397_ATGTTGTTGGCAATCTATGA_S169_R1_001.fastq.gz	01_unzip_raw_data/01_unzip_parents/plate_directories/369397/369397_ATGTTGTTGGCAATCTATGA_S169_R2_001.fastq.gz
PRJEB123735	2025-033	B	10	369397	ISCplant1	6043	6043_ISCplant1	6043_ISCplant1_2025-033_B10_run1	unpooled	Illumina NovaSeq X	2025-11-06	GCACCACCAA	TGGTACTGAT	GCACCACCAATGGTACTGAT	03_rename_fastq_files/parents/6043_ISCplant1_2025-033_B10_run1_R1.fastq.gz	03_rename_fastq_files/parents/6043_ISCplant1_2025-033_B10_run1_R2.fastq.gz	01_unzip_raw_data/01_unzip_parents/plate_directories/369397/369397_GCACCACCAATGGTACTGAT_S170_R1_001.fastq.gz	01_unzip_raw_data/01_unzip_parents/plate_directories/369397/369397_GCACCACCAATGGTACTGAT_S170_R2_001.fastq.gz
PRJEB123735	2025-033	C	10	369397	ISCplant1	6043	6043_ISCplant1	6043_ISCplant1_2025-033_C10_run1	unpooled	Illumina NovaSeq X	2025-11-06	AGGCGTTCGC	TTCATCCAAC	AGGCGTTCGCTTCATCCAAC	03_rename_fastq_files/parents/6043_ISCplant1_2025-033_C10_run1_R1.fastq.gz	03_rename_fastq_files/parents/6043_ISCplant1_2025-033_C10_run1_R2.fastq.gz	01_unzip_raw_data/01_unzip_parents/plate_directories/369397/369397_AGGCGTTCGCTTCATCCAAC_S171_R1_001.fastq.gz	01_unzip_raw_data/01_unzip_parents/plate_directories/369397/369397_AGGCGTTCGCTTCATCCAAC_S171_R2_001.fastq.gz
PRJEB123735	2025-033	D	10	369397	ISCplant1	6043	6043_ISCplant1	6043_ISCplant1_2025-033_D10_run1	unpooled	Illumina NovaSeq X	2025-11-06	CCTCCGGTTG	CATAACACCA	CCTCCGGTTGCATAACACCA	03_rename_fastq_files/parents/6043_ISCplant1_2025-033_D10_run1_R1.fastq.gz	03_rename_fastq_files/parents/6043_ISCplant1_2025-033_D10_run1_R2.fastq.gz	01_unzip_raw_data/01_unzip_parents/plate_directories/369397/369397_CCTCCGGTTGCATAACACCA_S172_R1_001.fastq.gz	01_unzip_raw_data/01_unzip_parents/plate_directories/369397/369397_CCTCCGGTTGCATAACACCA_S172_R2_001.fastq.gz
PRJEB123735	2025-033	E	10	369397	ISCplant1	5835	5835_ISCplant1	5835_ISCplant1_2025-033_E10_run1	unpooled	Illumina NovaSeq X	2025-11-06	GTCCACCGCT	TCCTATTAGC	GTCCACCGCTTCCTATTAGC	03_rename_fastq_files/parents/5835_ISCplant1_2025-033_E10_run1_R1.fastq.gz	03_rename_fastq_files/parents/5835_ISCplant1_2025-033_E10_run1_R2.fastq.gz	01_unzip_raw_data/01_unzip_parents/plate_directories/369397/369397_GTCCACCGCTTCCTATTAGC_S173_R1_001.fastq.gz	01_unzip_raw_data/01_unzip_parents/plate_directories/369397/369397_GTCCACCGCTTCCTATTAGC_S173_R2_001.fastq.gz
PRJEB123735	2025-033	F	10	369397	ISCplant1	1435	1435_ISCplant1	1435_ISCplant1_2025-033_F10_run1	unpooled	Illumina NovaSeq X	2025-11-06	ATTGTTCGTC	TCTCTAGATT	ATTGTTCGTCTCTCTAGATT	03_rename_fastq_files/parents/1435_ISCplant1_2025-033_F10_run1_R1.fastq.gz	03_rename_fastq_files/parents/1435_ISCplant1_2025-033_F10_run1_R2.fastq.gz	01_unzip_raw_data/01_unzip_parents/plate_directories/369397/369397_ATTGTTCGTCTCTCTAGATT_S174_R1_001.fastq.gz	01_unzip_raw_data/01_unzip_parents/plate_directories/369397/369397_ATTGTTCGTCTCTCTAGATT_S174_R2_001.fastq.gz
PRJEB123735	2025-033	G	10	369397	ISCplant4	6199	6199_ISCplant4	6199_ISCplant4_2025-033_G10_run1	unpooled	Illumina NovaSeq X	2025-11-06	GGACCAGTGG	CGCGAGCCTA	GGACCAGTGGCGCGAGCCTA	03_rename_fastq_files/parents/6199_ISCplant4_2025-033_G10_run1_R1.fastq.gz	03_rename_fastq_files/parents/6199_ISCplant4_2025-033_G10_run1_R2.fastq.gz	01_unzip_raw_data/01_unzip_parents/plate_directories/369397/369397_GGACCAGTGGCGCGAGCCTA_S175_R1_001.fastq.gz	01_unzip_raw_data/01_unzip_parents/plate_directories/369397/369397_GGACCAGTGGCGCGAGCCTA_S175_R2_001.fastq.gz
PRJEB123735	2025-033	H	10	369397	ISCplant2	1435	1435_ISCplant2	1435_ISCplant2_2025-033_H10_run1	unpooled	Illumina NovaSeq X	2025-11-06	CCTTCTAACA	GATAAGCTCT	CCTTCTAACAGATAAGCTCT	03_rename_fastq_files/parents/1435_ISCplant2_2025-033_H10_run1_R1.fastq.gz	03_rename_fastq_files/parents/1435_ISCplant2_2025-033_H10_run1_R2.fastq.gz	01_unzip_raw_data/01_unzip_parents/plate_directories/369397/369397_CCTTCTAACAGATAAGCTCT_S176_R1_001.fastq.gz	01_unzip_raw_data/01_unzip_parents/plate_directories/369397/369397_CCTTCTAACAGATAAGCTCT_S176_R2_001.fastq.gz
PRJEB123735	2025-033	A	11	369397	ISCplant3	1435	1435_ISCplant3	1435_ISCplant3_2025-033_A11_run1	unpooled	Illumina NovaSeq X	2025-11-06	CTCGAATATA	GAGATGTCGA	CTCGAATATAGAGATGTCGA	03_rename_fastq_files/parents/1435_ISCplant3_2025-033_A11_run1_R1.fastq.gz	03_rename_fastq_files/parents/1435_ISCplant3_2025-033_A11_run1_R2.fastq.gz	01_unzip_raw_data/01_unzip_parents/plate_directories/369397/369397_CTCGAATATAGAGATGTCGA_S177_R1_001.fastq.gz	01_unzip_raw_data/01_unzip_parents/plate_directories/369397/369397_CTCGAATATAGAGATGTCGA_S177_R2_001.fastq.gz
PRJEB123735	2025-033	B	11	369397	ISCplant3	1435	1435_ISCplant3	1435_ISCplant3_2025-033_B11_run1	unpooled	Illumina NovaSeq X	2025-11-06	GATCGTCGCG	CTGGATATGT	GATCGTCGCGCTGGATATGT	03_rename_fastq_files/parents/1435_ISCplant3_2025-033_B11_run1_R1.fastq.gz	03_rename_fastq_files/parents/1435_ISCplant3_2025-033_B11_run1_R2.fastq.gz	01_unzip_raw_data/01_unzip_parents/plate_directories/369397/369397_GATCGTCGCGCTGGATATGT_S178_R1_001.fastq.gz	01_unzip_raw_data/01_unzip_parents/plate_directories/369397/369397_GATCGTCGCGCTGGATATGT_S178_R2_001.fastq.gz
PRJEB123735	2025-033	C	11	369397	ISCplant3	1435	1435_ISCplant3	1435_ISCplant3_2025-033_C11_run1	unpooled	Illumina NovaSeq X	2025-11-06	TATCCGAGGC	GGCCAATAAG	TATCCGAGGCGGCCAATAAG	03_rename_fastq_files/parents/1435_ISCplant3_2025-033_C11_run1_R1.fastq.gz	03_rename_fastq_files/parents/1435_ISCplant3_2025-033_C11_run1_R2.fastq.gz	01_unzip_raw_data/01_unzip_parents/plate_directories/369397/369397_TATCCGAGGCGGCCAATAAG_S179_R1_001.fastq.gz	01_unzip_raw_data/01_unzip_parents/plate_directories/369397/369397_TATCCGAGGCGGCCAATAAG_S179_R2_001.fastq.gz
PRJEB123735	2025-033	D	11	369397	ISCplant3	1435	1435_ISCplant3	1435_ISCplant3_2025-033_D11_run1	unpooled	Illumina NovaSeq X	2025-11-06	CGCTGTCTCA	ATTACTCACC	CGCTGTCTCAATTACTCACC	03_rename_fastq_files/parents/1435_ISCplant3_2025-033_D11_run1_R1.fastq.gz	03_rename_fastq_files/parents/1435_ISCplant3_2025-033_D11_run1_R2.fastq.gz	01_unzip_raw_data/01_unzip_parents/plate_directories/369397/369397_CGCTGTCTCAATTACTCACC_S180_R1_001.fastq.gz	01_unzip_raw_data/01_unzip_parents/plate_directories/369397/369397_CGCTGTCTCAATTACTCACC_S180_R2_001.fastq.gz
PRJEB123735	2025-033	E	11	369397	ISCplant4	1435	1435_ISCplant4	1435_ISCplant4_2025-033_E11_run1	unpooled	Illumina NovaSeq X	2025-11-06	AATGCGAACA	AATTGGCGGA	AATGCGAACAAATTGGCGGA	03_rename_fastq_files/parents/1435_ISCplant4_2025-033_E11_run1_R1.fastq.gz	03_rename_fastq_files/parents/1435_ISCplant4_2025-033_E11_run1_R2.fastq.gz	01_unzip_raw_data/01_unzip_parents/plate_directories/369397/369397_AATGCGAACAAATTGGCGGA_S181_R1_001.fastq.gz	01_unzip_raw_data/01_unzip_parents/plate_directories/369397/369397_AATGCGAACAAATTGGCGGA_S181_R2_001.fastq.gz
PRJEB123735	2025-033	F	11	369397	ISCplant4	1435	1435_ISCplant4	1435_ISCplant4_2025-033_F11_run1	unpooled	Illumina NovaSeq X	2025-11-06	AATTCTTGGA	TTGTCAACTT	AATTCTTGGATTGTCAACTT	03_rename_fastq_files/parents/1435_ISCplant4_2025-033_F11_run1_R1.fastq.gz	03_rename_fastq_files/parents/1435_ISCplant4_2025-033_F11_run1_R2.fastq.gz	01_unzip_raw_data/01_unzip_parents/plate_directories/369397/369397_AATTCTTGGATTGTCAACTT_S182_R1_001.fastq.gz	01_unzip_raw_data/01_unzip_parents/plate_directories/369397/369397_AATTCTTGGATTGTCAACTT_S182_R2_001.fastq.gz
PRJEB123735	2025-033	G	11	369397	ISCplant4	1435	1435_ISCplant4	1435_ISCplant4_2025-033_G11_run1	unpooled	Illumina NovaSeq X	2025-11-06	TTCCTACAGC	GGCGAATTCT	TTCCTACAGCGGCGAATTCT	03_rename_fastq_files/parents/1435_ISCplant4_2025-033_G11_run1_R1.fastq.gz	03_rename_fastq_files/parents/1435_ISCplant4_2025-033_G11_run1_R2.fastq.gz	01_unzip_raw_data/01_unzip_parents/plate_directories/369397/369397_TTCCTACAGCGGCGAATTCT_S183_R1_001.fastq.gz	01_unzip_raw_data/01_unzip_parents/plate_directories/369397/369397_TTCCTACAGCGGCGAATTCT_S183_R2_001.fastq.gz
PRJEB123735	2025-033	H	11	369397	ISCplant4	1435	1435_ISCplant4	1435_ISCplant4_2025-033_H11_run1	unpooled	Illumina NovaSeq X	2025-11-06	ATCCAGGTAT	CAACGTCAGC	ATCCAGGTATCAACGTCAGC	03_rename_fastq_files/parents/1435_ISCplant4_2025-033_H11_run1_R1.fastq.gz	03_rename_fastq_files/parents/1435_ISCplant4_2025-033_H11_run1_R2.fastq.gz	01_unzip_raw_data/01_unzip_parents/plate_directories/369397/369397_ATCCAGGTATCAACGTCAGC_S184_R1_001.fastq.gz	01_unzip_raw_data/01_unzip_parents/plate_directories/369397/369397_ATCCAGGTATCAACGTCAGC_S184_R2_001.fastq.gz
PRJEB123735	2025-033	A	12	369397	ISCplant2	992	992_ISCplant2	992_ISCplant2_2025-033_A12_run1	unpooled	Illumina NovaSeq X	2025-11-06	ACGGTCCAAC	TCTTACATCA	ACGGTCCAACTCTTACATCA	03_rename_fastq_files/parents/992_ISCplant2_2025-033_A12_run1_R1.fastq.gz	03_rename_fastq_files/parents/992_ISCplant2_2025-033_A12_run1_R2.fastq.gz	01_unzip_raw_data/01_unzip_parents/plate_directories/369397/369397_ACGGTCCAACTCTTACATCA_S185_R1_001.fastq.gz	01_unzip_raw_data/01_unzip_parents/plate_directories/369397/369397_ACGGTCCAACTCTTACATCA_S185_R2_001.fastq.gz
PRJEB123735	2025-033	B	12	369397	ISCplant2	992	992_ISCplant2	992_ISCplant2_2025-033_B12_run1	unpooled	Illumina NovaSeq X	2025-11-06	GTAACTTGGT	CGCCATACCT	GTAACTTGGTCGCCATACCT	03_rename_fastq_files/parents/992_ISCplant2_2025-033_B12_run1_R1.fastq.gz	03_rename_fastq_files/parents/992_ISCplant2_2025-033_B12_run1_R2.fastq.gz	01_unzip_raw_data/01_unzip_parents/plate_directories/369397/369397_GTAACTTGGTCGCCATACCT_S186_R1_001.fastq.gz	01_unzip_raw_data/01_unzip_parents/plate_directories/369397/369397_GTAACTTGGTCGCCATACCT_S186_R2_001.fastq.gz
PRJEB123735	2025-033	C	12	369397	ISCplant2	6199	6199_ISCplant2	6199_ISCplant2_2025-033_C12_run1	unpooled	Illumina NovaSeq X	2025-11-06	AGCGCCACAC	CTAATGTCTT	AGCGCCACACCTAATGTCTT	03_rename_fastq_files/parents/6199_ISCplant2_2025-033_C12_run1_R1.fastq.gz	03_rename_fastq_files/parents/6199_ISCplant2_2025-033_C12_run1_R2.fastq.gz	01_unzip_raw_data/01_unzip_parents/plate_directories/369397/369397_AGCGCCACACCTAATGTCTT_S187_R1_001.fastq.gz	01_unzip_raw_data/01_unzip_parents/plate_directories/369397/369397_AGCGCCACACCTAATGTCTT_S187_R2_001.fastq.gz
PRJEB123735	2025-033	D	12	369397	ISCplant2	6199	6199_ISCplant2	6199_ISCplant2_2025-033_D12_run1	unpooled	Illumina NovaSeq X	2025-11-06	TGCTACTGCC	CAACCGGAGG	TGCTACTGCCCAACCGGAGG	03_rename_fastq_files/parents/6199_ISCplant2_2025-033_D12_run1_R1.fastq.gz	03_rename_fastq_files/parents/6199_ISCplant2_2025-033_D12_run1_R2.fastq.gz	01_unzip_raw_data/01_unzip_parents/plate_directories/369397/369397_TGCTACTGCCCAACCGGAGG_S188_R1_001.fastq.gz	01_unzip_raw_data/01_unzip_parents/plate_directories/369397/369397_TGCTACTGCCCAACCGGAGG_S188_R2_001.fastq.gz
PRJEB123735	2025-033	E	12	369397	ISCplant2	6199	6199_ISCplant2	6199_ISCplant2_2025-033_E12_run1	unpooled	Illumina NovaSeq X	2025-11-06	CAACACCGCA	GGCAGTAGCA	CAACACCGCAGGCAGTAGCA	03_rename_fastq_files/parents/6199_ISCplant2_2025-033_E12_run1_R1.fastq.gz	03_rename_fastq_files/parents/6199_ISCplant2_2025-033_E12_run1_R2.fastq.gz	01_unzip_raw_data/01_unzip_parents/plate_directories/369397/369397_CAACACCGCAGGCAGTAGCA_S189_R1_001.fastq.gz	01_unzip_raw_data/01_unzip_parents/plate_directories/369397/369397_CAACACCGCAGGCAGTAGCA_S189_R2_001.fastq.gz
PRJEB123735	2025-033	F	12	369397	ISCplant3	6199	6199_ISCplant3	6199_ISCplant3_2025-033_F12_run1	unpooled	Illumina NovaSeq X	2025-11-06	CACCTTAATC	TTAGGATAGA	CACCTTAATCTTAGGATAGA	03_rename_fastq_files/parents/6199_ISCplant3_2025-033_F12_run1_R1.fastq.gz	03_rename_fastq_files/parents/6199_ISCplant3_2025-033_F12_run1_R2.fastq.gz	01_unzip_raw_data/01_unzip_parents/plate_directories/369397/369397_CACCTTAATCTTAGGATAGA_S190_R1_001.fastq.gz	01_unzip_raw_data/01_unzip_parents/plate_directories/369397/369397_CACCTTAATCTTAGGATAGA_S190_R2_001.fastq.gz
PRJEB123735	2025-033	G	12	369397	ISCplant3	6199	6199_ISCplant3	6199_ISCplant3_2025-033_G12_run1	unpooled	Illumina NovaSeq X	2025-11-06	TTGAATGTTG	CGCAATCTAG	TTGAATGTTGCGCAATCTAG	03_rename_fastq_files/parents/6199_ISCplant3_2025-033_G12_run1_R1.fastq.gz	03_rename_fastq_files/parents/6199_ISCplant3_2025-033_G12_run1_R2.fastq.gz	01_unzip_raw_data/01_unzip_parents/plate_directories/369397/369397_TTGAATGTTGCGCAATCTAG_S191_R1_001.fastq.gz	01_unzip_raw_data/01_unzip_parents/plate_directories/369397/369397_TTGAATGTTGCGCAATCTAG_S191_R2_001.fastq.gz
PRJEB123735	2025-033	H	12	369397	ISCplant3	6199	6199_ISCplant3	6199_ISCplant3_2025-033_H12_run1	unpooled	Illumina NovaSeq X	2025-11-06	CCGGTAACAC	GAGTTGTACT	CCGGTAACACGAGTTGTACT	03_rename_fastq_files/parents/6199_ISCplant3_2025-033_H12_run1_R1.fastq.gz	03_rename_fastq_files/parents/6199_ISCplant3_2025-033_H12_run1_R2.fastq.gz	01_unzip_raw_data/01_unzip_parents/plate_directories/369397/369397_CCGGTAACACGAGTTGTACT_S192_R1_001.fastq.gz	01_unzip_raw_data/01_unzip_parents/plate_directories/369397/369397_CCGGTAACACGAGTTGTACT_S192_R2_001.fastq.gz
